436	471	410	366	336	332	399	458	485	551	520	508	509	471	380	387	468	403	487	493	529	573	626	523	524	450	438	382	472	441	447	491	493	498	543	493	459	470	503	561	522	493	440	442	506	523	638	573	454	506
491	483	517	485	433	371	390	455	415	460	526	520	557	609	611	512	470	449	509	508	556	656	594	579	522	517	585	543	578	560	544	464	484	560	492	468	538	449	509	533	528	588	604	625	611	580	506	422	388	381
257	320	382	370	371	372	414	473	528	553	566	492	427	446	428	508	488	543	457	394	409	340	391	485	524	549	531	566	486	532	538	470	386	459	456	512	632	655	546	533	485	421	410	442	456	469	524	459	417	440
461	489	451	534	484	462	503	435	452	476	480	495	439	454	352	412	429	433	526	491	491	587	594	618	501	521	457	409	408	492	477	548	526	555	452	420	361	407	450	378	496	516	481	528	425	412	513	536	579	603
530	553	622	654	656	677	636	566	566	583	614	670	643	583	506	463	503	561	525	524	430	464	425	476	566	572	568	530	478	426	492	488	425	498	458	413	494	532	663	651	606	601	554	594	568	528	512	447	472	505
526	550	558	464	461	469	435	498	557	608	583	593	578	516	523	560	438	400	423	402	476	578	526	506	479	550	565	567	655	539	536	536	494	500	579	595	654	667	731	645	661	610	575	570	559	541	481	415	413	352
358	380	328	374	367	374	498	528	651	649	588	527	601	607	654	725	630	550	450	465	441	543	573	545	536	480	461	400	354	371	432	424	544	557	543	543	440	463	532	523	487	448	418	410	417	465	507	592	599	576
542	503	576	558	558	624	531	534	556	584	560	539	481	479	411	450	473	562	572	541	591	576	595	644	638	631	611	573	530	566	523	529	483	450	389	493	521	554	485	473	450	507	541	504	434	421	403	426	498	489
480	432	411	376	434	453	482	557	530	497	463	412	364	322	342	434	482	514	545	520	462	395	497	471	448	503	369	440	415	428	485	494	521	590	587	531	513	517	543	525	497	392	267	307	335	333	405	446	453	555
602	595	603	528	527	360	401	460	496	496	549	546	485	505	498	467	393	460	519	524	633	602	548	511	525	489	519	547	475	479	437	441	493	545	538	477	474	464	464	559	578	493	467	491	420	487	477	456	505	560
522	448	417	403	436	496	582	545	545	513	479	478	514	521	510	616	619	605	590	535	538	530	551	534	499	548	520	517	545	498	524	555	587	629	566	562	519	562	565	533	504	501	522	537	571	499	590	571	590	688
677	571	563	501	434	457	516	469	483	473	354	373	318	447	398	429	489	488	474	513	474	497	498	502	541	514	502	493	546	534	441	452	428	433	422	485	558	591	650	701	670	656	593	507	537	580	552	640	560	477
448	421	460	401	442	500	525	562	658	661	659	658	619	578	571	554	638	641	574	484	427	424	464	554	559	482	574	530	513	607	565	515	488	434	305	321	393	478	594	601	663	599	563	623	574	501	517	466	493	542
455	442	557	488	541	553	494	477	424	419	431	527	503	552	535	450	441	425	370	433	398	360	352	344	318	402	463	423	476	533	578	605	548	562	466	532	514	484	392	409	442	443	479	519	505	522	590	636	618	607
563	523	470	444	436	500	489	426	426	390	435	520	508	485	612	620	634	659	545	453	427	384	463	452	476	528	592	644	656	665	625	501	493	497	408	478	390	451	477	441	448	394	452	500	482	498	496	379	379	466
452	447	392	425	486	422	435	346	371	382	345	422	365	361	394	526	485	532	491	476	482	458	525	452	430	505	522	566	572	521	450	418	413	452	429	414	452	460	591	585	498	458	392	337	485	570	601	645	660	660
690	627	517	503	406	393	413	341	304	418	454	517	565	631	618	662	624	517	523	486	543	516	460	477	444	412	469	480	467	541	475	456	401	461	573	603	601	568	521	531	565	535	531	524	555	616	686	658	633	492
414	476	421	392	430	420	473	546	598	607	527	450	533	503	511	586	557	478	554	585	576	579	591	632	663	605	543	567	556	564	507	493	525	567	574	496	477	464	463	527	590	575	543	457	342	339	401	454	413	528
538	531	567	547	428	413	464	428	502	445	372	397	384	490	527	470	512	417	419	383	397	450	515	564	528	491	479	414	425	392	417	474	478	501	484	509	511	571	517	579	489	428	428	429	452	509	474	438	475	477
489	534	501	554	615	621	626	570	533	513	494	425	383	392	403	414	440	538	509	543	530	536	520	539	486	545	543	401	452	460	405	488	491	504	480	451	405	367	417	458	435	467	493	532	470	452	464	437	504	561
594	541	578	534	577	590	541	495	430	378	403	432	465	456	489	480	494	550	487	501	422	557	545	618	580	580	541	469	460	381	491	574	564	586	490	471	476	469	466	502	558	631	636	533	544	496	505	560	543	531
552	547	604	507	429	454	352	345	430	503	531	574	503	418	358	281	316	385	482	591	635	585	568	533	502	459	478	473	418	435	473	483	458	537	482	458	420	425	399	364	349	435	499	471	511	491	501	477	501	424
350	377	362	447	540	480	504	510	565	539	570	525	520	460	479	534	576	616	673	628	601	593	551	544	530	518	589	447	432	393	359	461	573	616	620	558	511	458	509	519	546	629	672	638	624	528	529	512	510	543
537	586	593	552	605	537	595	556	584	524	467	483	505	555	482	481	467	458	447	410	401	424	365	485	515	625	626	658	611	543	518	497	555	626	606	641	632	648	617	652	657	584	569	482	447	524	560	550	530	503
456	385	431	504	448	523	605	574	538	441	425	327	346	427	449	458	489	451	425	346	439	533	606	665	665	535	518	511	451	527	563	658	619	647	616	576	524	517	452	496	470	453	459	431	420	515	476	481	425	440
482	448	458	442	365	378	442	437	451	449	497	507	575	644	653	605	636	631	509	534	422	443	400	466	462	481	472	436	504	466	517	671	562	520	456	429	379	432	471	480	428	428	538	535	562	597	546	529	453	434
496	526	584	633	594	595	580	570	460	466	441	468	514	519	538	525	464	444	405	390	494	472	473	461	438	517	527	552	584	562	514	586	576	551	579	552	554	514	478	431	493	487	511	601	533	530	517	399	445	519
440	443	435	421	507	593	624	670	597	594	525	485	560	533	587	636	568	481	505	431	368	345	369	484	583	521	494	420	344	409	433	598	573	570	480	435	452	398	496	504	486	524	558	528	523	422	403	349	431	453
550	659	557	612	575	553	592	572	501	593	563	471	512	591	540	510	538	553	566	621	561	581	522	512	418	498	545	573	608	543	535	451	529	490	536	479	405	464	451	397	379	415	401	312	352	381	300	339	385	417
391	478	515	515	515	526	457	342	289	271	331	370	466	511	447	428	410	420	477	529	619	653	551	641	556	482	525	540	592	584	567	553	515	495	546	509	566	566	606	625	648	626	590	556	464	413	433	490	555	586
605	650	672	646	643	600	502	459	527	562	633	573	470	452	434	427	495	539	514	465	433	438	446	501	519	457	479	435	472	390	412	429	394	489	484	476	493	494	488	469	504	467	475	507	443	449	498	440	528	542
424	452	469	505	537	538	520	495	541	599	583	530	409	349	329	332	388	438	502	529	538	500	480	404	438	430	494	541	495	573	603	507	509	427	351	391	420	480	531	528	554	511	511	582	516	555	529	485	507	481
490	494	579	589	631	583	533	549	454	469	429	433	461	549	571	613	690	602	530	535	474	520	541	502	535	523	462	518	533	572	615	561	596	646	615	605	683	597	599	551	501	481	489	464	547	552	497	539	496	426
523	450	554	488	629	584	503	511	424	431	503	519	453	423	350	351	273	395	451	448	413	459	358	381	422	519	554	490	518	433	404	454	521	566	541	494	491	487	516	479	441	463	456	553	609	644	596	552	534	483
559	535	530	507	398	419	516	520	518	563	522	431	346	388	379	455	549	588	519	510	407	405	473	420	506	612	556	552	649	516	474	482	392	465	447	436	404	410	430	506	491	554	593	551	580	546	480	512	494	448
532	409	403	467	440	452	498	398	375	357	502	523	640	628	543	583	484	425	526	400	396	428	500	560	496	466	422	401	410	436	567	572	615	624	568	494	465	448	464	552	615	473	465	472	461	405	489	482	545	631
596	519	462	416	467	461	428	498	585	567	502	442	458	379	388	358	372	418	443	433	483	475	484	537	498	507	449	444	437	464	475	499	443	488	369	367	395	376	528	495	609	496	456	461	467	551	546	450	514	471
503	490	475	377	421	404	464	451	475	446	403	426	404	511	542	588	557	562	564	482	448	411	402	430	519	594	438	439	501	511	566	650	655	609	549	566	600	498	609	574	567	645	665	578	462	401	297	314	393	417
506	603	484	557	496	473	552	597	582	524	465	519	508	593	627	656	676	619	692	584	521	464	478	521	588	603	615	628	582	580	589	429	401	427	524	618	615	476	436	367	296	380	423	454	516	528	526	575	569	523
544	418	357	337	314	393	425	505	556	591	515	551	432	448	440	476	567	512	452	433	367	332	397	426	370	369	385	332	348	469	462	476	494	461	377	368	399	331	445	420	449	547	529	563	558	579	635	653	584	602
505	510	591	553	596	543	551	465	415	406	426	430	588	560	540	543	488	489	574	623	567	458	492	513	535	610	607	562	557	578	513	442	427	447	421	533	522	497	533	521	514	519	514	584	584	611	547	532	552	506
510	537	594	635	508	479	480	526	477	507	493	358	454	370	425	521	482	476	441	502	483	538	567	536	464	481	506	429	520	561	462	507	536	565	553	503	444	488	596	611	649	561	487	536	454	464	595	560	550	587
462	420	385	468	561	530	565	572	550	609	610	564	485	449	466	521	537	528	591	627	642	615	656	566	466	472	508	542	625	612	551	531	490	501	564	463	462	556	563	513	543	475	523	437	410	492	491	533	529	430
413	348	376	405	486	507	502	483	513	430	440	471	474	499	487	476	472	392	454	369	320	391	459	477	538	553	521	566	576	504	462	466	321	406	416	479	531	491	487	409	382	357	393	358	449	409	448	455	444	539
551	516	444	437	416	484	491	496	456	471	488	397	469	461	399	498	540	530	483	469	410	435	386	453	508	506	500	465	470	519	481	558	545	527	486	470	527	556	667	567	533	518	477	540	550	497	581	549	580	641
670	663	517	410	414	452	542	602	669	642	589	614	502	549	499	585	523	527	578	578	533	491	496	414	451	442	398	476	478	422	510	408	378	387	397	510	577	602	631	580	522	550	562	573	576	509	507	429	483	511
518	556	475	493	477	493	468	451	466	488	549	504	551	559	588	640	597	580	559	532	557	681	690	651	543	516	510	526	618	590	582	577	509	510	550	569	595	692	619	570	537	551	501	618	627	605	582	506	582	594
664	688	686	596	457	387	314	305	350	407	467	438	470	512	528	555	585	614	615	614	567	616	622	634	569	560	544	558	648	716	672	650	629	582	545	494	482	376	403	372	358	341	424	438	389	526	527	624	595	580
499	516	472	465	424	431	418	411	445	521	550	531	531	522	545	531	591	631	573	549	519	558	545	565	581	496	487	446	559	514	516	548	491	496	588	629	636	673	674	567	450	284	292	358	382	463	482	445	395	419
416	464	498	546	529	490	454	484	561	474	467	452	498	555	572	689	685	699	734	662	469	454	463	354	519	527	565	578	489	468	386	388	488	532	619	570	487	405	414	434	434	430	382	418	419	453	479	544	465	446

477	466	449	542	550	531	521	472	459	515	515	543	563	541	503	540	486	541	520	562	537	500	528	586	537	529	518	434	447	526	561	550	546	524	543	626	603	549	447	368	391	397	498	523	498	508	505	541	595	550
499	541	498	588	568	560	575	605	584	519	450	369	320	338	426	427	476	517	487	514	420	379	357	340	367	372	395	449	502	600	667	622	555	577	507	436	550	521	565	545	560	520	457	386	357	393	450	470	568	509
500	509	486	549	512	592	621	623	616	536	561	575	616	720	653	564	543	499	472	515	468	432	452	379	465	409	371	451	462	439	469	516	522	522	488	483	472	471	526	529	552	600	537	483	530	535	512	580	500	466
507	421	360	384	362	457	544	613	592	584	548	609	488	496	581	469	426	417	385	378	420	415	426	469	430	488	575	624	588	570	559	463	439	390	373	420	499	610	640	633	640	571	616	611	615	543	465	472	423	507
561	554	490	461	468	493	463	517	422	532	567	610	569	527	428	450	460	441	526	514	553	595	597	544	645	595	600	632	561	436	499	481	479	518	520	516	534	463	434	391	403	402	392	469	437	423	488	480	465	447
460	471	454	504	451	558	529	481	488	495	512	557	606	499	434	395	431	408	419	486	545	471	420	541	488	524	599	525	517	530	529	524	542	516	568	599	581	571	442	433	408	394	474	610	613	646	584	499	465	454
493	471	406	440	317	414	442	376	423	453	441	470	461	369	390	441	513	580	661	615	656	582	589	663	583	597	601	547	493	432	346	353	385	386	426	570	500	535	588	504	420	481	446	446	519	470	450	480	524	584
618	673	547	468	412	395	390	405	396	424	411	319	378	363	324	300	333	372	488	466	582	454	431	435	455	478	441	549	559	540	520	528	523	435	509	511	512	581	492	480	474	463	472	467	439	427	384	403	452	501
503	508	442	417	514	475	495	545	425	399	488	539	566	570	509	452	418	457	450	451	465	490	538	588	552	559	470	384	444	515	505	579	528	559	577	529	579	548	473	428	373	413	426	368	328	352	402	444	504	499
462	477	433	589	573	577	613	598	637	637	572	524	472	481	442	466	442	391	472	502	542	585	533	558	513	514	485	448	492	526	547	578	602	561	573	552	583	559	594	593	489	435	382	334	345	456	492	607	659	597
471	377	393	321	369	439	466	471	478	568	589	612	607	614	515	472	481	565	600	667	636	662	634	572	503	449	402	346	391	462	532	484	534	422	351	367	388	361	467	407	426	488	458	480	432	463	503	414	453	437
422	411	382	469	497	508	508	463	500	524	467	501	570	538	583	483	382	411	366	421	500	504	512	561	496	413	437	364	429	428	453	519	531	544	591	488	475	573	480	471	524	520	458	513	490	357	443	396	425	427
488	528	589	527	560	499	453	572	564	592	585	552	484	492	501	461	455	566	582	605	634	690	549	593	525	516	477	541	585	570	629	736	649	601	461	433	393	418	475	402	437	443	500	511	526	499	383	415	398	436
518	504	516	538	528	610	603	537	549	531	589	627	617	626	558	578	536	464	516	511	499	469	501	535	432	534	498	466	546	545	498	566	521	511	500	471	446	484	521	603	538	491	539	447	443	515	607	578	569	530
530	506	523	498	440	502	517	480	521	488	411	484	434	525	526	509	436	414	471	455	526	460	438	366	331	404	496	433	412	371	436	506	585	638	588	532	537	466	478	479	458	437	438	436	435	414	423	482	546	599
590	595	570	533	522	563	588	578	492	394	398	404	454	505	491	425	418	453	409	387	390	400	442	461	469	498	547	550	533	525	548	540	586	689	644	588	586	476	473	569	529	552	532	491	455	455	488	528	554	511
519	447	475	474	460	427	446	412	436	459	493	544	566	515	602	601	550	522	550	405	456	542	457	489	540	458	486	512	459	410	424	363	351	377	383	353	403	478	450	464	428	510	366	390	412	308	305	428	462	564
594	583	586	522	619	646	596	628	553	526	616	546	544	569	533	583	620	596	552	503	454	357	392	443	473	484	495	483	513	428	461	469	429	454	509	518	569	546	528	562	543	586	552	478	460	419	478	526	528	507
473	488	566	530	541	510	458	420	462	541	566	682	690	613	583	507	401	511	482	511	514	460	515	456	470	484	459	395	424	495	451	521	449	345	399	418	424	513	549	589	651	616	621	528	439	434	480	464	531	566
465	455	455	430	522	552	588	508	558	498	541	571	566	621	564	533	500	521	514	550	536	517	518	545	511	536	458	460	464	387	437	402	374	416	428	411	449	453	472	537	476	489	492	487	559	517	590	600	529	535
493	533	439	424	446	522	535	594	564	516	480	469	534	583	608	557	625	625	654	596	505	464	497	558	589	582	524	485	397	355	337	348	328	309	313	368	425	560	643	601	500	544	587	657	610	548	513	518	500	621
605	607	541	447	325	426	392	423	455	393	438	420	456	464	418	414	423	371	454	474	440	425	470	443	530	546	603	649	519	568	576	485	547	551	500	495	536	532	602	558	481	531	462	437	496	501	553	425	387	418
362	395	533	576	582	484	500	353	407	525	570	638	643	580	485	472	474	518	436	471	429	443	507	573	469	522	480	440	546	508	577	563	574	571	523	421	412	357	332	414	431	463	463	471	463	398	368	433	434	613
621	546	519	463	426	453	484	529	543	500	467	396	365	423	475	526	483	396	499	485	522	515	485	370	443	480	466	512	506	393	431	406	455	461	555	497	421	456	387	375	445	469	454	434	416	412	504	410	403	372
365	356	418	424	505	553	579	631	640	606	535	549	480	522	482	487	523	564	606	563	528	436	414	474	558	493	525	506	448	427	435	411	339	432	446	549	600	542	553	579	589	518	524	476	485	540	535	597	606	613
596	608	582	524	486	381	383	476	441	440	436	509	621	668	673	601	538	438	394	389	387	479	595	589	618	676	664	689	598	531	497	435	408	362	376	412	501	565	543	504	522	371	400	486	485	566	571	550	595	604
518	565	512	453	508	446	433	493	506	455	549	607	600	519	488	377	250	309	377	363	431	390	416	521	489	521	572	587	573	570	654	633	635	721	667	592	550	483	407	418	377	347	423	397	473	459	490	567	495	541
545	523	516	529	548	446	395	452	362	436	540	523	600	618	606	644	545	494	406	479	510	515	505	445	470	528	495	510	506	499	510	526	484	386	468	426	518	555	570	489	467	462	472	476	527	531	616	583	540	516
409	436	386	336	385	487	402	523	501	429	489	489	488	548	574	618	559	541	423	385	427	483	443	439	453	484	586	667	724	679	652	549	492	403	419	501	502	552	527	549	486	442	401	308	420	363	367	428	360	384
404	373	378	374	361	379	484	502	394	464	473	457	589	576	496	513	496	418	425	521	548	530	596	574	571	596	556	487	432	430	404	340	377	440	412	400	379	402	495	520	581	556	542	598	596	573	522	482	395	401
410	505	440	508	504	424	492	493	566	586	644	659	620	651	540	488	438	391	377	340	412	448	406	429	476	454	486	520	511	525	510	529	501	524	600	542	510	447	402	472	493	478	550	516	468	495	567	560	566	478
500	512	499	456	410	378	404	484	538	502	440	408	351	357	401	418	402	351	374	395	472	495	477	437	370	403	442	447	523	501	514	522	551	593	618	539	484	469	435	543	551	510	469	417	437	512	484	515	499	469
491	489	522	545	517	592	641	622	677	732	687	666	596	487	432	432	462	590	571	553	559	487	458	383	311	380	379	437	498	396	381	407	390	486	609	536	529	547	527	591	620	637	682	543	552	568	534	647	635	608
568	500	535	573	648	561	462	443	427	392	485	479	505	536	579	554	575	555	586	556	607	622	681	641	569	587	588	616	639	561	577	587	578	614	590	544	583	615	604	546	637	577	604	627	701	636	588	505	500	489
493	535	512	495	421	444	405	299	410	491	534	639	684	624	591	538	524	470	408	450	522	485	566	595	564	552	565	482	481	405	444	441	423	458	546	586	614	587	574	523	536	566	489	517	451	445	467	410	436	456
513	445	460	506	468	571	539	432	409	417	441	576	703	642	603	485	412	476	479	450	475	435	430	469	372	292	460	438	526	649	638	626	620	553	592	562	637	630	504	409	288	267	388	429	496	504	523	497	429	416
439	429	551	553	578	534	509	513	521	425	422	443	500	505	421	524	452	496	553	527	561	573	679	691	603	604	509	434	491	432	431	523	433	424	487	467	500	529	561	596	569	586	566	495	460	481	479	511	473	460
443	453	483	508	587	546	518	536	456	449	492	478	445	452	380	359	432	439	481	481	454	391	466	394	501	449	511	547	550	664	620	551	554	475	371	375	351	344	462	585	630	691	675	676	675	513	406	343	354	370
457	503	536	514	534	512	353	374	449	441	546	508	535	445	399	475	480	530	619	519	511	547	588	649	641	570	445	416	477	498	536	564	447	471	377	363	467	559	635	676	640	633	636	674	688	681	596	554	526	362
379	412	396	421	421	420	374	473	511	462	459	356	359	385	484	516	621	611	545	592	633	611	641	647	664	575	542	512	425	400	500	564	496	504	475	454	489	478	543	540	437	461	423	419	520	526	514	530	581	614
679	589	568	563	457	463	442	375	464	509	511	600	613	614	667	645	614	619	574	570	552	590	586	559	612	687	633	571	526	475	468	465	478	473	425	348	477	455	478	543	479	486	458	416	445	449	433	501	465	597
637	688	593	601	579	521	570	508	468	474	420	498	415	374	408	342	415	453	509	574	570	625	631	614	584	484	483	492	538	506	495	522	565	539	491	402	332	301	320	337	370	461	507	559	466	394	382	394	448	486
568	576	582	569	560	527	542	566	499	513	544	537	556	524	554	529	538	524	519	528	496	553	563	536	523	530	500	454	582	540	594	600	523	475	444	450	437	318	321	264	247	342	350	451	436	384	329	329	411	472
447	486	508	427	502	444	421	354	380	422	475	510	565	517	489	505	498	492	509	537	613	546	562	628	595	462	578	489	516	570	548	507	481	430	411	368	417	445	546	574	617	622	630	564	445	496	473	514	531	444
445	498	531	502	617	570	559	578	531	593	618	546	628	506	482	463	392	475	435	503	563	520	507	484	545	472	469	524	464	440	485	546	517	487	450	433	442	537	566	594	614	568	619	605	598	610	576	587	553	528
465	477	490	484	411	329	464	395	497	522	456	411	365	347	410	504	503	493	549	459	468	544	554	536	497	487	434	493	485	479	501	498	419	444	368	361	413	481	572	510	528	576	501	604	553	488	422	353	428	447
515	493	522	438	410	361	354	442	448	603	558	490	506	435	468	422	517	505	473	576	489	467	538	534	523	623	583	491	511	459	450	501	492	428	493	578	573	599	473	344	256	267	341	398	438	421	417	354	401	378
379	369	362	456	479	493	457	510	498	563	643	547	560	499	453	484	433	482	505	528	497	474	473	466	561	623	594	612	508	542	567	525	534	531	501	544	551	625	591	524	539	452	420	471	518	471	472	427	366	353
386	427	465	465	395	364	353	327	419	452	531	460	368	319	324	327	463	504	523	637	626	566	558	542	555	619	602	624	597	520	543	496	506	597	590	592	549	558	517	537	508	421	470	478	556	516	505	577	523	538
528	473	473	582	634	615	580	507	414	441	464	416	466	441	373	364	437	412	388	402	319	357	399	347	386	440	483	526	516	587	507	556	549	541	477	361	419	393	462	559	543	500	553	519	586	620	673	603	559	571

548	548	537	494	506	525	560	559	587	611	633	547	486	474	423	417	385	334	390	456	491	467	385	400	391	421	493	505	450	491	529	459	385	393	373	372	395	344	423	422	428	531	599	612	599	542	438	428	428	434
407	349	306	296	417	516	555	507	491	467	392	447	518	481	416	375	336	267	283	353	398	420	423	449	433	597	556	555	582	561	628	576	633	640	526	510	540	512	471	540	443	478	451	423	461	362	360	305	325	459
543	543	609	536	514	555	544	529	471	481	537	552	624	602	557	459	456	386	412	388	431	488	418	513	503	370	376	371	459	472	483	597	514	532	510	459	572	586	596	582	573	569	537	493	413	442	370	392	409	357
441	437	517	667	600	596	566	470	500	475	521	567	578	650	618	551	572	514	520	543	517	535	526	524	500	514	514	427	555	505	567	615	618	597	516	556	552	569	621	680	583	651	604	502	581	504	467	388	388	404
440	450	410	371	362	445	392	406	416	487	508	558	552	481	407	271	246	355	322	424	456	400	451	444	493	514	572	587	576	538	524	530	550	551	465	512	585	565	526	554	599	503	581	619	592	515	615	517	507	638
552	566	557	510	554	638	684	704	670	532	554	594	581	574	549	538	495	563	603	496	524	457	457	464	545	476	520	614	575	549	602	601	552	615	631	611	625	639	593	672	709	592	493	379	379	427	458	537	556	491
457	463	452	494	564	581	564	486	425	471	467	555	491	513	544	539	534	527	512	541	523	581	532	533	553	553	572	671	651	568	625	561	519	516	495	421	447	477	518	500	526	554	561	595	609	534	531	422	459	478
516	524	525	539	586	550	509	485	433	450	475	457	434	403	457	443	557	635	615	659	611	556	456	341	413	336	434	522	509	471	522	521	443	452	506	504	529	592	558	553	587	631	583	650	629	595	541	548	386	367
322	374	345	360	427	477	419	465	523	570	532	624	571	533	515	545	449	352	402	422	442	473	457	423	417	436	436	460	530	458	513	521	459	537	577	561	538	478	466	409	412	366	324	404	438	458	406	422	426	428
500	526	571	504	608	544	496	451	487	458	569	629	653	697	553	524	438	387	394	478	519	603	616	567	538	486	501	595	625	667	642	588	505	483	435	381	370	463	446	564	661	628	590	604	574	497	576	489	538	561
609	702	714	695	652	649	609	558	551	462	392	473	475	471	564	591	564	457	434	418	504	610	640	728	712	545	480	427	339	371	323	334	386	360	419	412	438	412	384	459	421	488	464	467	438	483	416	363	418	310
413	543	483	505	597	504	612	625	667	681	593	526	417	370	352	405	538	510	517	471	394	413	432	425	451	455	553	543	593	538	576	481	374	407	290	281	332	390	395	407	410	395	320	383	423	414	398	383	325	329
368	429	435	418	338	440	410	482	561	599	559	530	487	405	425	461	571	578	586	614	515	503	515	500	393	404	490	584	704	706	662	580	500	562	497	506	538	472	512	558	552	615	625	586	547	535	435	409	389	377
452	552	596	602	498	448	358	291	331	421	487	520	556	442	465	484	455	556	566	543	535	449	438	481	494	472	582	546	660	696	653	612	604	509	480	524	478	534	525	461	448	484	437	487	513	437	489	464	373	383
445	411	452	582	512	414	383	432	407	426	457	428	440	495	621	600	494	498	558	463	454	447	411	386	364	369	413	442	403	404	330	446	492	601	629	556	561	437	377	490	538	476	485	462	409	464	542	545	546	532
563	639	609	598	599	475	499	534	488	594	562	403	401	405	376	489	543	608	641	584	547	570	485	511	506	563	569	541	493	406	389	394	477	582	562	541	614	673	548	565	499	492	467	500	493	469	462	528	416	394
317	341	362	421	501	543	561	572	550	422	454	445	344	409	484	532	561	673	619	558	499	507	472	432	384	507	521	550	596	592	531	492	462	374	329	403	332	351	377	334	369	430	443	431	431	367	379	359	423	406
484	547	556	476	545	540	473	525	516	522	464	465	483	489	576	602	621	609	599	644	621	543	577	509	556	562	519	540	449	422	463	557	619	600	534	507	379	326	334	341	419	472	603	581	573	531	545	520	538	610
539	491	542	512	487	534	602	490	448	412	363	442	431	469	542	477	460	580	542	506	484	430	417	403	405	415	377	403	417	459	514	479	486	491	457	431	403	313	399	419	525	547	535	529	485	502	528	555	540	618
603	579	607	569	544	537	557	670	599	632	565	486	537	548	519	594	541	608	537	468	500	428	433	509	552	525	505	532	500	540	546	548	493	553	529	540	503	415	426	502	521	597	722	627	571	545	441	516	544	577
571	543	478	492	454	456	445	560	591	670	700	638	616	542	463	557	606	613	577	431	422	520	475	585	579	559	503	539	566	545	588	558	495	466	441	437	438	549	580	652	544	431	399	338	369	508	500	507	536	449
508	446	478	521	588	553	531	456	465	385	482	390	397	365	375	459	455	467	497	419	474	524	516	482	503	500	409	490	537	447	449	433	412	404	381	385	410	379	385	376	354	425	494	475	531	579	560	532	564	543
541	623	524	540	594	564	574	532	469	456	496	467	504	522	475	555	662	587	573	512	373	346	391	364	339	380	368	429	461	450	446	387	433	576	574	659	680	587	495	470	382	314	344	334	339	400	417	445	532	562
544	516	461	486	414	449	457	476	414	453	477	564	558	630	524	407	361	355	365	438	551	486	616	631	541	466	390	462	443	497	539	455	438	531	581	663	651	578	532	522	532	514	472	485	469	599	536	579	448	394
365	350	417	488	509	602	594	561	528	500	538	524	541	484	432	464	425	497	483	423	357	371	380	415	411	379	388	350	330	353	412	395	402	450	403	398	483	408	358	347	327	335	411	436	453	594	497	470	513	447
398	432	480	504	568	598	456	469	364	431	400	455	406	442	532	504	541	410	446	428	420	439	446	470	445	461	492	482	456	438	494	595	677	638	653	536	447	445	389	439	466	468	561	526	528	570	653	684	684	663
581	530	497	486	500	453	548	611	570	591	550	456	545	538	485	474	374	333	318	290	344	371	308	395	492	555	614	584	522	458	369	424	476	438	570	555	587	536	552	537	545	506	466	363	393	426	445	550	536	491
571	496	541	552	524	507	510	483	569	556	476	556	509	539	554	492	525	501	461	496	384	373	477	421	497	557	496	493	553	500	555	572	548	583	528	439	437	358	260	335	381	348	398	448	484	509	600	593	537	436
475	380	481	506	469	515	482	468	511	509	442	405	332	327	390	465	526	571	629	517	487	487	485	498	515	432	501	452	517	583	596	597	566	614	592	657	621	549	539	572	558	485	522	393	371	433	463	572	642	624
643	667	585	560	498	438	393	453	533	500	466	407	392	414	430	402	519	460	531	502	410	425	465	446	459	582	610	574	653	571	539	565	542	512	527	423	415	365	355	339	375	476	521	593	548	481	502	560	508	540
533	554	533	499	428	406	332	448	563	553	584	601	618	614	587	598	614	552	581	550	446	406	349	413	562	545	557	555	488	561	576	530	467	452	412	454	458	429	453	444	319	397	460	509	587	619	441	350	332	314
352	392	451	415	411	441	470	613	622	651	601	569	582	551	469	457	505	470	478	560	498	459	515	437	462	491	480	451	464	437	405	435	460	488	396	363	373	354	391	430	509	580	668	677	634	627	569	578	645	635
636	656	632	617	680	597	572	588	553	493	535	496	487	471	378	423	473	480	486	527	496	396	434	419	420	428	515	498	498	485	498	500	455	431	491	421	357	387	442	409	410	490	446	559	579	550	487	447	340	298
344	440	446	508	483	416	507	500	635	561	481	487	356	409	485	537	581	626	638	573	528	503	546	548	587	603	580	618	572	572	544	493	492	469	476	493	493	541	566	550	495	538	440	503	519	561	546	588	601	592
532	414	348	403	436	550	495	462	442	510	491	537	482	372	478	476	456	544	482	470	543	518	486	538	557	532	621	605	590	568	592	596	575	569	530	441	463	511	465	463	464	496	533	534	574	521	511	567	577	565
567	428	374	356	320	429	499	548	488	445	430	451	514	595	484	554	471	510	557	505	589	539	551	604	546	510	434	487	521	516	462	432	452	435	526	584	556	560	551	545	621	604	553	536	496	442	487	512	400	436
532	528	496	492	456	363	411	437	432	551	535	563	580	599	547	543	432	508	523	559	608	510	457	413	475	521	563	630	622	541	495	486	462	517	527	461	503	460	451	440	446	480	439	417	553	542	510	516	457	478
538	513	515	478	446	423	460	521	539	518	471	443	491	476	429	417	351	397	348	446	515	483	598	484	492	537	449	524	514	507	583	557	546	535	508	371	433	390	402	494	428	484	510	482	513	523	484	537	484	454
457	379	475	451	458	516	429	484	546	536	546	546	511	423	465	493	454	470	532	547	553	552	559	574	543	517	465	394	345	430	412	443	516	506	562	475	416	524	469	548	606	500	467	539	522	551	560	590	626	583
652	537	418	351	274	315	326	374	344	388	398	460	424	545	551	576	631	579	550	504	445	364	282	363	427	506	594	642	660	720	575	526	480	378	430	382	436	427	486	478	434	472	462	467	476	477	539	521	592	573
595	564	563	543	544	511	507	541	492	610	607	531	546	515	357	379	340	421	457	461	466	435	419	477	466	591	596	608	587	613	530	485	514	463	494	565	470	486	374	456	448	466	526	571	606	623	673	610	589	568
493	488	457	337	398	359	392	543	516	488	500	437	492	487	493	374	421	444	430	467	479	459	553	669	691	633	579	442	380	368	416	376	409	400	400	440	483	590	569	594	566	503	564	516	530	572	646	535	566	470
387	438	384	418	426	493	475	467	508	463	468	448	405	451	436	453	466	539	557	553	525	513	491	546	617	621	690	613	542	424	515	536	543	684	655	603	588	515	535	540	448	419	392	311	333	368	354	471	438	428
474	413	483	538	584	554	524	492	538	538	632	608	561	591	477	498	531	476	464	467	503	487	417	328	327	307	327	408	442	465	505	471	516	472	541	539	470	477	480	407	490	508	462	504	499	520	586	606	633	548
553	585	418	494	527	488	592	564	450	490	389	422	442	464	487	443	424	373	301	320	357	396	360	376	387	382	482	544	634	688	713	620	521	428	448	442	471	590	508	491	524	553	581	653	621	548	556	510	520	530
566	552	528	512	513	488	412	377	389	329	471	503	394	440	370	379	484	532	560	579	484	472	440	464	505	523	466	468	502	490	489	463	442	435	449	428	428	409	516	548	548	503	555	479	435	391	380	446	485	517
563	498	501	596	605	604	608	571	504	562	601	552	525	487	486	481	546	536	502	446	455	411	478	485	455	502	478	484	586	570	584	615	591	535	614	514	491	453	378	400	458	521	525	544	640	582	621	507	478	521
456	561	598	565	589	589	561	538	533	567	556	598	615	534	528	512	538	487	571	533	483	400	457	480	480	504	524	551	496	471	474	435	371	386	380	459	536	521	502	524	486	489	467	419	424	353	377	458	490	592
576	562	547	585	533	555	573	529	473	408	370	435	425	439	546	538	600	694	703	613	573	513	410	458	542	570	573	624	499	465	498	519	586	510	453	396	463	557	520	472	459	430	427	472	507	426	418	349	323	371
400	487	543	561	629	600	544	498	475	421	503	460	480	502	509	453	470	466	516	496	433	491	467	462	592	536	518	469	432	425	445	495	497	446	467	457	437	537	544	603	603	593	614	522	537	555	441	512	498	456

508	524	604	526	501	487	482	459	441	463	449	515	487	411	394	467	532	638	680	714	635	604	477	374	367	355	429	438	496	512	538	509	425	430	435	501	494	536	517	580	606	693	722	605	538	442	472	459	513	493
445	514	445	539	498	478	517	529	564	564	488	466	474	469	540	566	566	574	553	522	583	593	515	500	483	559	619	596	572	427	325	346	390	421	517	593	608	664	661	619	491	375	394	380	473	549	501	454	444	451
435	390	551	588	531	602	594	544	456	457	394	441	497	512	460	489	497	471	427	458	412	419	386	404	469	477	534	584	502	551	531	525	555	655	529	492	396	330	382	339	428	498	506	548	523	473	558	544	634	521
466	446	433	426	459	463	425	445	455	521	490	375	392	302	341	490	462	595	547	556	510	504	543	560	533	624	520	476	496	421	447	519	416	432	411	456	519	623	642	553	510	560	538	596	597	513	434	388	373	364
435	437	560	573	535	531	454	514	536	500	580	568	554	604	511	493	525	438	447	436	472	450	442	456	568	551	672	587	574	521	495	520	513	520	522	520	532	431	439	516	503	575	693	674	583	621	577	609	645	562
587	470	442	456	467	523	507	527	498	585	601	637	592	488	462	444	446	507	595	485	507	458	360	407	455	473	470	546	442	535	565	553	623	567	528	501	587	609	557	540	553	508	585	709	610	621	582	559	557	593
581	435	450	437	389	442	511	529	585	570	673	595	558	624	502	562	552	553	570	623	597	607	604	571	640	662	672	623	520	456	436	469	581	544	549	623	582	529	509	464	509	580	554	559	630	572	540	585	606	547
623	563	470	487	450	497	509	538	580	476	453	421	470	483	545	513	398	446	498	463	559	518	436	516	625	658	672	600	497	449	342	430	433	461	478	399	453	483	462	530	547	511	543	571	648	650	607	608	591	513
536	565	537	540	545	575	510	536	548	553	633	572	565	545	494	469	418	428	444	465	492	498	482	523	559	578	600	535	522	534	433	547	552	559	629	577	551	520	511	445	465	413	472	459	520	520	441	479	511	531
594	550	426	404	410	348	367	397	343	390	413	413	418	337	392	327	314	424	409	485	567	462	432	532	507	541	576	590	575	588	553	544	625	623	673	583	471	443	396	454	535	604	630	633	572	463	464	462	423	498
560	622	696	707	644	592	556	549	602	516	491	466	447	429	437	416	375	405	502	543	523	525	521	526	521	515	462	416	433	411	551	579	629	629	576	475	487	502	468	472	446	409	463	496	443	554	542	520	593	505
420	432	488	541	659	652	669	662	555	593	557	546	564	539	510	466	470	438	441	397	363	435	554	566	600	599	520	437	532	543	559	548	460	335	317	333	376	423	458	499	437	552	592	587	525	473	484	463	513	511
459	420	422	389	410	382	477	494	418	418	395	399	438	437	428	440	421	368	339	369	433	499	436	488	550	541	581	630	558	527	526	543	559	510	527	512	542	527	542	433	430	498	464	509	559	527	540	555	529	503
486	393	413	467	539	610	670	690	616	536	473	394	493	600	595	553	527	467	504	536	501	433	500	513	550	530	490	519	535	506	619	643	640	578	405	466	442	425	526	531	540	523	493	579	582	542	512	483	441	472
470	480	500	608	561	599	572	502	471	416	406	483	527	517	590	591	596	594	535	429	461	452	538	605	602	708	578	538	605	487	492	446	471	513	466	487	393	378	460	430	422	510	477	408	449	465	452	454	503	534
567	549	569	495	418	505	469	540	636	597	599	444	360	399	348	335	402	499	482	508	670	677	628	631	508	492	429	459	431	467	406	389	413	380	484	498	515	581	524	453	442	375	433	457	482	530	476	423	434	518
457	513	455	445	533	564	436	446	382	458	474	613	552	524	599	570	632	639	651	567	571	529	530	520	447	426	442	450	575	648	727	655	601	528	494	533	498	424	521	500	506	471	389	316	255	317	434	429	515	556
502	586	594	552	494	449	498	527	444	485	503	454	457	455	473	492	468	560	510	442	426	420	541	637	703	697	620	614	541	569	601	655	645	611	526	540	506	469	405	493	606	570	624	639	513	516	506	435	415	439
431	483	571	542	554	627	597	590	536	498	506	573	521	425	349	393	329	438	497	479	521	502	462	458	435	424	379	384	388	421	448	452	453	476	452	456	494	536	480	510	464	377	404	363	410	443	499	426	421	435
467	479	515	472	485	406	467	466	405	392	379	491	437	460	542	509	477	498	488	427	370	379	318	388	463	492	496	511	502	448	471	497	434	459	420	435	392	505	516	472	497	462	409	509	614	608	631	599	563	523
546	488	439	474	350	435	526	567	581	539	564	610	529	545	468	417	437	448	508	460	387	453	478	443	469	461	345	417	537	548	625	749	677	651	535	460	509	445	500	505	454	364	405	343	361	418	423	511	527	538
538	554	515	502	491	528	556	607	610	696	602	539	500	456	479	551	518	509	506	447	460	455	550	572	585	561	485	502	497	573	559	571	576	523	561	633	564	622	556	585	558	467	382	447	475	515	588	544	562	581
594	614	547	522	517	518	570	496	628	641	573	577	547	489	539	554	454	374	346	333	313	403	518	425	492	449	419	491	511	519	512	395	419	468	498	576	610	654	562	584	558	479	417	487	448	508	545	468	419	504
497	472	503	436	484	502	505	460	511	512	550	513	465	435	456	418	452	409	394	476	520	536	482	503	495	462	559	656	520	540	479	380	501	520	508	534	460	469	396	307	425	463	462	658	516	462	401	367	372	470
487	472	421	408	342	310	361	366	393	372	442	487	541	537	492	422	421	486	439	507	539	500	454	461	500	519	539	558	522	496	410	512	530	526	618	596	673	642	616	627	573	507	369	397	437	451	450	504	480	489
580	657	586	628	679	687	683	714	599	554	526	504	485	513	509	461	556	547	553	552	503	463	509	520	568	595	587	604	567	535	521	477	499	500	514	557	558	554	554	551	521	468	415	434	385	411	504	537	553	639
551	490	421	397	349	342	335	330	339	377	368	440	493	488	445	387	410	327	465	470	504	507	497	438	472	547	521	541	483	505	474	478	391	424	435	391	392	477	448	513	497	418	444	575	544	516	537	557	560	517
523	486	445	498	518	476	478	450	374	388	476	523	563	562	571	533	447	397	463	443	408	460	404	389	445	530	485	504	425	436	400	406	445	378	412	434	472	412	431	432	377	494	653	653	710	652	523	515	480	392
499	457	488	514	494	524	476	426	464	506	464	376	340	394	428	520	473	497	437	418	373	353	408	394	499	609	631	623	661	684	641	622	605	549	424	432	427	444	444	427	404	365	403	497	565	637	541	509	464	433
445	528	447	453	486	481	476	499	545	461	498	578	521	539	522	501	471	340	391	372	354	400	363	446	437	461	464	480	511	551	563	593	554	619	596	584	545	538	502	436	332	350	314	306	452	512	548	477	400	401
377	410	489	476	542	549	543	660	640	698	679	611	620	604	572	616	617	542	486	491	513	540	580	537	517	570	587	563	571	580	552	529	429	405	490	485	558	591	539	481	452	395	411	509	502	558	522	437	428	439
400	403	372	413	488	594	590	526	411	357	431	525	553	543	400	307	316	379	436	492	531	535	508	412	487	433	477	490	495	496	421	489	508	540	565	588	615	619	551	525	391	358	292	282	297	381	380	455	496	565
593	624	691	606	507	427	353	344	410	464	622	574	619	640	622	609	709	631	609	584	523	426	395	414	505	485	497	469	479	439	436	527	487	438	580	536	547	629	593	606	636	646	589	616	473	438	480	463	576	694
634	692	624	557	516	536	543	515	389	461	377	343	427	459	518	561	658	691	650	661	640	556	511	474	526	518	511	462	423	427	338	457	477	428	498	462	420	449	504	482	471	480	484	464	637	602	558	548	553	500
517	577	509	417	439	453	486	573	665	557	530	497	390	500	505	548	538	533	565	518	511	559	543	633	703	681	635	588	468	375	322	372	393	465	561	487	501	489	454	462	538	492	504	558	500	525	489	413	483	482
452	491	464	452	452	372	319	375	379	483	478	505	465	423	427	421	364	429	526	549	678	696	688	661	608	556	601	527	531	387	443	389	401	456	452	411	483	468	419	545	512	475	540	481	511	551	547	588	570	569
574	536	518	448	419	472	524	515	521	587	536	483	481	427	428	420	510	472	465	423	435	404	449	406	464	497	424	373	385	377	411	474	532	465	487	474	463	549	512	584	497	385	412	406	448	435	459	377	336	424
416	448	443	481	500	518	494	504	430	405	469	510	478	497	457	464	499	484	493	493	451	479	629	635	704	729	672	575	506	478	479	479	457	423	409	476	534	590	613	539	529	493	424	468	439	425	449	426	431	467
370	441	385	479	476	456	424	344	330	356	478	505	494	492	469	525	560	590	523	541	488	597	591	570	550	508	420	447	516	491	491	471	400	356	363	348	370	346	349	351	323	419	463	514	646	531	586	465	367	376
405	400	392	386	303	353	417	533	660	718	794	756	711	659	567	520	571	497	498	597	503	506	561	516	506	571	519	574	570	583	643	621	529	546	469	406	508	477	479	495	388	350	327	392	415	468	490	516	440	454
456	471	523	415	430	424	460	487	468	526	520	407	549	521	525	554	611	612	501	508	512	519	479	485	453	465	465	541	509	490	506	424	470	364	265	350	346	357	428	430	418	374	377	357	369	414	428	438	435	468
396	410	436	485	544	631	686	639	546	525	418	416	520	604	523	561	571	569	672	620	572	548	460	410	380	397	403	488	581	526	425	488	427	494	549	536	497	462	439	544	502	539	600	503	568	514	475	502	587	510
477	541	457	530	610	626	597	528	517	472	496	534	521	535	510	508	398	391	540	540	539	584	529	513	464	435	452	502	475	545	493	450	401	381	390	382	449	493	595	601	599	596	590	619	599	567	511	462	379	390
417	464	486	497	493	477	534	603	600	618	605	501	476	382	447	462	454	459	471	441	372	405	472	470	490	424	415	337	325	385	457	464	596	562	491	524	519	536	580	533	480	543	424	484	523	493	500	547	526	513
487	451	469	481	473	462	457	451	480	515	550	569	524	531	417	454	466	412	460	515	582	555	524	495	393	360	452	467	424	505	477	456	478	461	445	517	596	627	662	684	674	659	670	673	699	658	580	547	522	485
487	440	448	465	542	668	536	609	508	537	586	608	573	583	505	475	451	464	480	486	556	483	491	573	529	599	642	595	596	567	599	556	561	600	499	537	535	519	555	461	491	459	438	486	457	457	521	518	576	537
552	519	493	455	467	503	547	534	560	522	465	465	471	467	528	498	414	374	495	547	566	568	533	378	408	450	428	491	477	535	587	545	490	454	405	428	403	449	472	512	565	560	453	482	486	527	664	611	620	576
490	569	464	458	444	389	446	507	496	577	506	513	494	474	465	403	405	307	391	397	485	509	427	450	450	392	475	544	418	472	485	433	407	367	439	367	413	473	544	545	550	474	444	485	539	538	545	549	498	560
633	578	598	622	633	570	579	534	443	434	487	479	564	615	603	587	515	546	549	596	640	557	501	437	388	390	392	422	440	448	493	526	440	454	535	463	447	516	544	544	619	540	538	543	538	538	549	513	578	608
606	630	636	645	568	545	559	557	535	480	461	505	533	617	598	549	464	439	548	511	524	533	545	513	554	596	564	583	556	568	602	581	516	504	523	501	472	477	471	430	482	530	520	564	606	473	400	391	422	489

521	494	453	434	514	452	474	574	529	600	609	636	685	697	618	541	502	428	518	602	555	607	583	590	516	547	547	569	520	519	480	517	522	577	592	550	551	482	451	426	466	508	619	615	582	466	490	429	378	457
357	350	363	312	328	420	464	519	560	584	560	512	474	519	565	641	625	563	470	541	454	506	538	553	474	406	458	496	470	564	573	616	568	643	646	601	586	595	483	470	488	525	567	602	636	634	652	579	559	561
516	501	543	487	419	408	437	393	479	547	576	595	542	464	346	364	401	435	436	478	460	486	521	588	592	623	670	636	594	494	512	499	472	558	544	551	598	508	529	462	446	416	405	467	417	392	341	416	353	401
419	448	453	509	479	532	552	474	482	499	436	439	567	504	631	620	505	498	465	446	498	440	449	486	605	674	621	514	537	508	527	570	592	572	567	495	469	438	454	518	603	585	621	534	505	529	512	541	552	480
422	512	588	589	594	644	617	515	476	371	333	428	487	547	613	560	551	634	564	522	534	446	526	578	461	456	463	426	561	592	661	647	584	618	593	548	546	516	562	666	576	531	484	414	510	533	509	544	512	622
630	607	567	598	582	569	536	486	420	456	497	501	412	437	418	386	446	343	301	432	510	580	566	538	440	382	406	315	304	359	447	531	544	633	630	528	439	417	319	432	478	515	554	496	342	376	418	430	507	487
434	350	433	447	510	601	600	651	616	627	612	558	593	517	503	446	429	398	398	499	523	474	511	472	495	453	392	360	375	373	383	453	484	500	450	392	514	459	562	609	595	562	588	469	356	459	426	558	657	674
574	529	525	477	497	504	429	499	456	398	361	385	324	449	493	429	464	524	416	408	383	401	415	399	448	478	409	401	349	297	301	325	409	524	549	543	461	406	348	353	407	424	513	498	416	342	404	423	504	643
639	664	702	547	458	433	457	383	389	329	348	414	434	446	447	450	386	456	441	446	587	638	691	579	550	477	382	377	439	446	523	635	686	683	593	515	448	447	478	484	526	456	471	461	412	415	457	429	496	539
553	617	528	514	504	549	541	534	457	519	413	427	477	411	453	483	611	646	677	657	672	616	573	671	594	579	557	563	581	637	631	602	660	610	592	478	533	497	582	596	623	564	486	436	364	326	394	470	493	475
477	441	456	544	591	549	587	560	549	603	663	647	570	527	412	396	462	455	485	445	405	522	587	523	517	543	557	637	619	553	598	554	556	571	547	541	462	430	352	292	285	299	371	461	503	455	519	526	524	608
516	432	440	425	447	380	438	365	332	424	413	536	576	599	560	493	490	385	376	422	375	430	521	516	581	536	493	447	400	371	415	434	464	481	651	636	638	593	560	519	597	600	587	554	455	421	422	411	511	533
555	543	609	603	631	653	642	602	573	540	531	528	427	397	413	429	492	571	568	523	419	461	376	438	555	542	539	567	462	443	446	350	334	375	371	440	513	463	443	519	574	660	634	582	459	426	442	510	526	587
509	544	579	569	602	476	515	519	485	540	568	572	444	449	440	415	462	472	441	372	462	435	523	631	585	560	419	303	295	308	407	550	604	645	561	434	433	437	465	441	454	517	548	598	653	562	576	569	462	498
416	365	449	454	481	537	571	521	610	544	522	488	447	451	461	494	576	478	522	509	423	492	481	470	468	488	511	520	580	656	670	660	637	558	511	560	451	504	494	463	512	512	459	497	496	535	489	476	442	422
473	439	528	510	480	506	550	556	547	610	514	461	534	433	466	456	410	470	534	465	524	521	512	466	558	630	564	572	561	501	535	580	629	595	568	637	586	548	516	476	437	468	380	404	456	521	542	571	524	463
446	483	412	436	476	503	539	572	548	593	589	504	457	350	291	229	296	320	328	358	461	518	634	681	578	504	399	345	438	457	510	531	558	515	498	556	596	526	504	527	521	427	497	453	473	444	521	598	576	595
536	506	507	494	495	489	476	421	478	610	496	516	512	505	531	578	595	542	470	450	451	455	437	448	480	500	451	454	529	518	572	598	473	521	450	408	477	468	449	401	428	469	528	578	705	566	509	470	505	505
616	595	532	505	512	501	518	457	429	447	503	488	476	572	457	389	471	449	376	517	547	586	602	594	487	486	458	510	462	438	467	451	503	516	457	469	498	466	473	450	468	406	517	576	573	495	496	563	442	547
522	374	433	534	576	569	552	532	524	478	557	473	481	531	531	460	475	438	522	550	536	467	416	356	298	402	549	532	599	610	567	576	541	521	520	567	512	479	529	506	519	610	600	615	615	522	531	495	385	452
396	412	475	490	539	556	621	664	624	563	572	476	457	437	475	456	516	514	522	487	554	649	663	614	505	442	470	407	462	421	411	395	406	437	473	494	449	536	495	435	473	450	482	466	403	495	482	486	502	473
443	470	557	642	579	536	451	432	493	550	561	555	584	523	435	495	498	539	667	677	687	597	467	492	490	482	516	492	527	550	562	598	515	411	507	482	471	577	480	397	401	384	401	511	478	479	542	446	579	623
594	588	599	549	465	332	358	397	407	478	583	538	520	571	477	442	486	483	623	521	559	555	592	467	445	509	454	410	430	377	316	319	355	328	344	369	399	515	508	511	475	421	381	469	521	507	508	546	521	476
559	427	362	405	417	481	609	653	703	706	656	603	515	530	497	370	496	494	521	598	515	494	409	385	395	403	442	405	434	411	464	404	478	498	539	571	545	555	592	493	459	394	380	393	463	508	588	580	562	511
480	513	494	559	628	559	565	556	508	568	587	560	506	470	456	312	357	368	403	466	484	418	368	399	403	539	504	641	622	580	571	551	416	367	410	377	396	457	526	537	499	472	530	449	482	436	348	361	441	474
543	520	556	537	440	447	365	423	511	516	551	603	532	565	590	513	581	534	518	489	441	434	438	409	451	479	528	628	733	733	661	563	513	437	443	413	491	434	517	525	475	468	459	455	419	348	363	426	380	427
436	456	508	554	629	568	522	520	518	557	680	643	628	619	560	574	565	577	504	478	463	525	590	670	669	601	484	407	435	487	476	523	502	445	520	536	535	614	593	589	613	582	661	729	712	646	615	523	507	552
615	569	596	448	396	351	346	473	604	669	640	602	497	492	487	512	512	443	465	402	507	393	401	441	443	506	549	546	521	516	546	525	467	502	445	509	499	545	536	561	549	548	519	450	474	436	501	515	505	589
671	586	610	589	478	540	562	518	595	612	614	547	531	520	439	406	330	367	398	501	559	633	562	556	526	473	439	450	426	373	410	449	369	418	518	457	548	612	583	580	458	419	363	418	444	495	502	568	581	545
586	597	603	653	528	552	479	456	571	516	475	500	570	606	610	536	420	392	395	458	457	443	545	535	560	588	451	366	317	361	446	587	683	683	650	641	649	698	690	644	545	497	412	432	425	465	520	469	477	461
471	525	565	638	620	570	505	479	490	461	567	553	649	615	601	476	468	476	406	434	472	498	535	502	447	393	375	462	436	494	514	468	504	445	389	407	478	416	454	397	446	446	417	517	472	476	523	483	430	464
389	403	387	409	431	483	384	424	389	475	559	578	617	590	491	433	449	457	425	486	487	539	495	595	598	603	581	582	602	673	655	579	541	418	402	502	506	468	403	314	252	320	410	459	531	501	430	462	425	383
470	519	490	542	538	546	570	506	452	384	339	333	308	443	463	505	527	520	501	515	441	431	398	386	348	370	362	341	362	395	476	550	633	600	591	536	491	535	630	611	591	615	544	475	545	583	567	640	577	538
565	422	489	586	519	465	461	405	460	542	587	668	703	616	554	504	439	410	484	438	418	484	481	530	536	477	550	406	367	366	354	395	478	448	467	483	441	469	516	488	552	541	532	522	516	608	652	593	580	556
469	415	372	365	398	387	415	498	477	446	439	428	377	332	285	353	413	479	592	655	590	614	597	622	635	638	567	576	559	606	552	529	448	376	268	371	502	425	539	546	461	491	555	556	507	500	429	260	319	297
255	277	297	325	356	485	555	578	568	558	566	536	534	511	437	441	395	502	551	537	421	503	454	414	492	528	565	643	678	565	522	423	447	493	535	640	673	650	663	681	661	528	559	610	599	544	535	532	486	571
527	546	478	439	534	464	565	588	572	574	530	510	558	514	406	343	355	275	378	501	593	602	719	698	640	651	547	573	481	527	529	478	544	552	496	495	509	407	449	439	373	295	288	357	391	495	600	637	611	567
510	490	579	483	521	584	509	477	408	427	426	489	525	535	554	509	568	529	479	576	516	491	520	489	456	469	387	414	386	363	399	467	461	376	478	556	511	516	549	466	427	511	529	486	531	611	529	495	445	403
433	403	387	449	375	435	505	528	518	536	454	454	466	511	575	549	567	562	463	448	440	418	395	380	401	444	434	506	598	537	569	611	571	580	579	629	645	571	552	467	390	439	427	370	379	269	240	327	395	502
600	695	679	673	582	564	514	576	528	496	449	435	384	412	415	433	415	395	417	376	430	361	353	368	410	466	517	539	547	595	622	630	536	501	499	462	565	554	583	600	622	707	635	615	593	564	531	603	629	662
609	538	504	432	384	477	432	484	460	505	566	534	608	575	506	580	658	595	658	592	495	542	483	528	597	558	522	574	482	508	489	506	561	549	583	537	543	543	506	514	500	584	576	564	590	515	453	462	479	476
495	515	484	479	513	552	477	479	469	448	463	480	444	437	455	474	495	576	531	502	517	538	503	531	525	516	460	529	535	498	495	428	391	446	432	481	492	517	418	432	402	419	445	401	462	426	427	459	434	529
510	538	511	529	560	579	533	507	551	486	483	384	436	407	391	570	612	554	640	516	505	561	468	546	588	572	596	532	527	553	500	431	437	508	357	460	510	454	511	490	522	564	565	608	607	558	462	421	439	513
511	494	527	445	397	464	418	431	487	472	465	482	511	445	495	478	427	430	452	415	369	453	482	454	494	457	418	546	614	596	610	560	567	533	491	529	535	453	450	487	447	464	432	434	420	308	376	394	410	427
406	362	402	427	458	540	549	580	623	552	532	507	503	486	426	414	347	304	394	349	448	540	554	513	565	551	532	529	506	446	418	397	328	403	383	431	489	555	579	537	486	491	385	471	452	460	517	538	537	504
477	448	472	531	600	559	592	506	392	430	394	390	532	536	529	536	507	440	481	487	531	509	625	717	684	635	638	604	597	638	637	599	562	495	415	431	471	529	680	622	593	536	542	519	543	582	566	573	596	622
574	545	561	444	446	339	380	467	455	499	538	480	512	576	546	648	686	721	742	659	521	433	478	465	523	544	540	528	550	620	574	595	570	509	451	398	401	478	470	503	518	484	474	378	414	464	493	480	432	403
374	322	442	537	537	574	588	475	456	474	423	496	434	417	508	600	561	633	595	485	531	471	458	498	460	419	450	483	459	526	489	466	460	471	441	450	410	378	406	429	430	442	583	555	599	654	616	555	624	477
470	401	330	324	273	400	441	495	478	473	446	507	476	478	471	502	574	598	725	677	573	555	538	538	624	566	564	619	631	585	568	545	484	492	540	553	622	613	609	577	594	544	522	488	489	525	486	495	513	442
390	372	399	421	452	526	655	584	459	449	390	396	443	539	513	527	504	386	377	331	364	485	456	495	456	449	424	493	488	493	524	536	561	502	522	544	552	451	454	433	320	432	516	428	437	468	334	356	399	301

335	361	334	442	458	483	475	490	487	500	508	393	394	390	318	283	401	370	472	495	466	435	367	332	390	376	427	516	415	439	405	506	554	590	547	533	499	453	435	396	379	429	520	527	474	399	296	370	393	552
605	557	639	600	530	528	481	445	374	414	420	435	499	553	563	595	579	536	439	377	316	390	533	590	630	603	570	658	609	588	634	577	537	499	398	352	390	401	492	471	494	521	422	356	380	445	503	644	728	749
699	606	522	463	477	452	426	484	472	380	443	336	369	465	468	549	557	501	363	351	366	358	422	479	431	433	423	387	433	429	404	502	518	564	463	549	546	628	663	701	566	560	489	486	613	656	636	479	452	476
493	531	566	519	485	479	534	483	466	455	413	555	511	469	518	522	408	422	424	304	418	431	496	571	543	475	442	397	372	399	558	584	502	536	532	558	521	553	503	462	487	418	480	493	552	513	566	441	342	389
354	414	444	536	425	504	524	504	545	501	460	427	322	225	255	265	222	369	409	463	598	532	407	454	451	432	514	491	554	667	692	685	677	578	486	529	495	494	462	423	407	406	497	575	556	526	463	430	443	480
493	543	524	503	535	549	585	677	636	590	606	595	585	721	657	580	562	482	427	354	405	422	473	552	422	463	400	376	523	494	485	495	485	478	483	531	462	488	482	558	514	522	541	507	435	421	432	373	407	464
520	578	568	568	469	436	463	456	393	362	375	371	378	488	432	460	404	452	449	514	529	524	523	398	416	342	358	502	515	536	470	439	463	422	477	549	527	562	565	586	598	588	647	674	635	554	532	525	540	574
520	493	432	372	361	393	477	538	567	554	526	468	484	419	413	453	512	530	547	612	549	599	526	481	411	461	495	501	543	516	524	508	592	512	480	468	421	494	513	520	461	504	525	509	510	506	475	509	474	436
526	540	674	654	610	543	514	408	482	382	363	446	524	578	635	591	538	517	492	491	403	372	393	434	443	528	412	374	364	423	520	521	586	580	607	567	474	411	364	405	423	501	594	585	593	582	534	553	464	502
591	575	463	485	495	422	403	500	472	545	573	445	440	428	517	544	531	450	342	283	289	316	411	488	507	579	494	433	342	380	424	448	496	564	484	418	396	423	410	470	559	471	430	359	412	400	416	574	534	551
608	594	534	531	472	513	503	607	547	571	601	531	497	515	408	381	478	535	499	546	602	555	589	577	530	521	457	436	548	507	473	480	494	449	499	477	492	559	494	431	446	424	366	410	467	488	521	570	453	400
441	377	453	485	405	420	484	426	539	453	489	521	498	504	516	474	368	402	391	499	514	537	551	509	526	517	482	379	395	380	402	499	475	497	488	510	479	506	539	455	504	536	520	512	548	479	450	457	421	471
479	449	493	507	483	510	523	458	527	489	480	447	484	443	472	511	442	496	523	510	447	465	463	504	549	542	511	525	556	594	541	506	416	395	460	330	372	312	299	436	467	504	601	516	544	523	513	560	601	559
552	574	500	488	477	432	435	406	443	428	505	576	455	463	501	479	556	572	562	469	488	383	356	395	339	377	429	434	467	560	448	450	397	361	351	413	481	491	546	584	466	535	531	461	539	409	445	472	498	522
471	425	330	327	344	306	393	357	353	421	430	522	538	505	510	497	454	509	492	484	527	602	619	624	559	547	509	509	486	520	531	545	474	512	456	470	482	509	497	536	536	545	588	603	581	607	565	527	484	417
466	424	482	572	577	588	562	423	368	380	390	508	493	577	585	507	500	424	500	498	485	425	456	370	419	446	497	433	381	474	498	575	589	488	465	380	345	432	375	428	412	381	395	418	394	443	454	520	467	449
443	427	495	510	611	561	530	552	450	421	376	280	401	409	421	513	483	477	529	461	485	524	434	456	434	472	479	559	501	507	643	621	612	561	526	520	549	488	503	477	426	474	462	462	506	415	350	401	434	380
406	405	452	483	507	466	472	482	498	544	461	435	412	443	408	417	432	429	484	561	521	484	473	417	487	493	457	452	450	459	461	447	569	460	434	451	402	512	619	625	652	632	569	596	636	631	617	626	552	561
538	492	498	471	453	454	431	483	467	500	567	446	462	454	460	460	410	440	383	396	545	549	544	552	567	571	577	546	548	502	461	470	532	505	517	495	510	486	531	603	581	598	593	553	551	491	482	450	443	512
536	594	549	490	454	409	382	519	563	619	670	616	577	628	624	564	481	530	525	543	557	646	516	530	551	485	401	396	474	530	622	649	610	616	496	497	488	416	419	441	365	395	458	402	481	566	609	565	593	628
595	556	558	489	543	559	529	536	581	624	586	628	641	629	615	684	561	507	461	387	406	392	400	408	370	426	530	561	514	555	430	502	558	590	576	563	501	507	526	514	602	504	431	451	432	541	567	573	537	411
361	345	295	412	477	530	548	498	488	502	438	537	579	469	501	520	484	494	537	472	422	535	467	405	487	440	513	544	543	537	518	457	462	500	472	471	520	428	507	560	569	581	597	578	620	638	579	564	507	478
549	482	450	423	409	536	528	523	491	480	546	665	663	629	546	414	471	393	405	436	508	497	545	556	589	630	661	724	712	600	637	642	563	615	585	584	491	407	344	411	469	547	521	549	550	433	423	392	293	286
397	503	568	645	646	651	617	633	538	411	444	405	414	510	511	488	522	469	552	596	591	518	607	476	446	434	409	457	529	562	606	614	622	660	737	768	680	560	463	443	424	415	494	499	485	553	623	653	669	654
556	475	460	426	428	466	423	406	380	361	371	389	441	477	460	576	570	536	561	488	359	386	397	451	511	498	419	475	517	497	505	556	563	487	608	494	498	568	608	592	649	602	477	483	446	427	423	436	412	463
478	509	532	593	526	543	534	486	456	387	389	432	398	475	475	403	512	461	500	491	416	439	545	509	582	596	554	655	625	594	477	415	389	437	493	544	556	503	456	411	418	405	456	498	559	529	597	640	517	554
493	462	523	627	622	540	568	505	390	449	427	324	369	368	383	366	411	403	382	452	421	436	505	487	588	553	624	685	633	599	492	496	423	489	525	594	509	520	521	486	461	446	487	433	365	373	453	448	483	508
428	429	370	404	334	443	470	490	540	427	450	405	370	399	355	319	352	342	449	518	554	566	556	544	462	480	456	441	614	602	652	606	574	438	516	535	485	511	441	399	395	419	444	507	547	531	506	561	457	466
437	377	441	448	490	474	416	439	398	497	469	516	459	331	346	352	361	473	442	468	475	436	365	313	292	285	306	351	460	473	494	567	595	536	549	543	544	605	610	642	672	602	574	528	467	462	495	518	590	523
517	481	521	583	596	551	533	459	393	411	331	371	499	498	550	533	486	432	427	460	446	615	572	680	629	546	503	499	503	581	478	387	355	292	313	322	378	352	430	445	444	488	501	515	515	506	485	474	496	502
551	504	458	422	433	422	365	507	522	512	541	476	448	470	519	566	624	577	505	485	409	404	319	410	443	434	453	506	494	535	486	490	512	508	549	461	468	512	509	514	506	453	553	635	739	711	652	553	486	442
469	484	551	558	656	655	583	608	530	539	583	538	533	557	522	596	509	425	477	422	378	445	502	539	639	632	573	516	428	355	382	423	477	567	628	632	614	665	614	559	557	553	528	549	555	515	548	474	487	520
461	458	466	422	456	487	542	632	561	607	584	502	542	542	557	563	625	580	518	535	470	401	363	325	357	362	419	523	602	595	576	605	562	483	493	351	321	353	422	519	525	488	408	281	298	372	388	466	467	496
507	518	461	506	513	532	483	476	418	390	483	471	528	428	410	409	449	466	497	491	461	507	418	483	545	657	696	694	631	497	393	385	321	356	405	455	506	523	552	579	509	493	559	572	501	473	456	365	507	506
499	607	572	527	608	520	439	389	390	409	402	482	550	512	527	540	555	505	515	480	472	515	614	634	586	513	500	502	492	537	536	559	535	525	526	470	470	409	402	489	516	555	612	598	540	593	526	491	500	551
522	579	484	482	433	418	474	454	442	524	424	551	573	571	667	574	622	589	534	480	500	467	437	448	511	549	589	607	478	420	387	390	425	512	476	507	517	461	427	442	458	389	396	391	392	479	520	518	597	496
565	560	588	647	626	609	605	536	546	614	616	560	500	427	403	443	457	489	553	621	627	629	581	482	460	429	510	611	580	550	515	457	478	547	539	506	531	501	503	485	504	457	525	503	577	498	440	425	318	404
441	509	547	580	559	469	459	456	501	545	566	586	570	501	583	598	573	545	499	550	532	498	538	614	630	631	537	511	433	409	505	486	518	565	588	602	548	507	556	507	467	498	493	489	547	480	441	416	405	432
495	467	503	479	513	530	488	457	501	460	484	512	581	595	589	456	461	327	371	403	505	516	556	547	546	509	543	518	563	467	475	535	510	513	554	524	514	599	631	587	663	638	552	535	483	467	473	460	397	466
399	469	527	556	562	496	503	401	495	495	500	555	493	492	414	395	433	339	337	399	350	418	489	496	558	508	469	450	359	413	476	511	622	627	600	527	510	559	520	440	538	580	554	650	609	517	540	608	617	671
645	500	527	449	420	456	421	467	467	476	512	487	354	426	438	493	495	492	393	363	349	384	369	398	454	346	418	477	390	420	386	302	364	367	399	500	471	435	424	422	389	504	457	501	514	536	520	568	600	524
486	369	311	332	332	476	595	581	587	549	415	382	320	309	287	339	293	377	433	469	443	436	344	335	350	309	374	347	435	495	500	517	389	346	346	334	433	451	456	493	513	467	469	430	418	416	459	462	454	369
358	508	470	545	608	644	615	624	576	539	511	505	471	509	516	474	506	563	542	543	572	548	484	462	435	449	449	494	597	578	616	550	538	556	542	625	677	618	554	571	551	526	530	429	438	459	539	620	637	576
501	486	464	501	455	484	431	448	466	559	639	557	553	543	423	505	524	424	431	385	322	328	492	455	490	529	580	546	587	565	444	379	377	413	469	517	508	548	484	557	537	574	516	470	548	587	556	613	540	488
419	509	537	482	502	496	494	448	447	346	372	344	391	434	441	518	459	497	418	419	475	486	565	597	583	522	520	456	468	542	493	383	436	327	352	480	456	476	519	522	517	545	618	596	554	602	573	540	479	513
469	473	550	588	479	395	330	377	402	539	591	532	527	427	488	453	512	529	461	557	498	531	505	532	615	520	484	467	417	456	564	601	588	626	557	541	468	454	432	473	525	547	520	450	410	392	357	373	360	385
468	484	449	497	429	412	466	415	437	456	449	487	571	593	653	579	553	594	464	415	476	413	498	578	546	560	516	503	484	433	424	387	406	372	312	365	415	392	469	574	543	537	573	539	432	585	535	480	563	542
478	453	370	314	382	408	421	356	328	266	357	356	409	416	360	358	367	370	464	521	499	435	586	547	571	654	604	583	615	580	549	576	602	560	573	520	492	408	394	377	487	496	496	570	539	554	638	575	582	538
515	481	465	513	404	455	522	536	528	577	567	473	473	543	503	647	697	663	590	520	540	534	579	562	559	516	519	536	561	560	542	548	471	455	394	381	355	405	393	366	367	381	374	451	431	429	364	399	408	463
492	498	528	570	581	619	546	456	458	405	351	322	311	348	367	484	459	457	549	496	524	578	497	366	379	324	341	436	465	474	493	520	513	449	453	459	391	497	573	480	503	419	346	355	437	449	454	500	522	476

501	440	475	477	400	449	415	477	428	400	439	320	315	380	390	425	319	321	369	345	348	413	463	468	522	548	477	485	585	499	497	552	480	480	526	526	599	570	500	524	403	443	511	499	535	567	581	568	617	547
508	515	470	427	483	470	420	482	484	479	390	372	400	401	441	515	537	447	419	365	330	353	459	477	481	516	463	417	391	319	353	385	453	579	615	594	552	476	426	432	429	471	562	588	519	536	567	494	512	537
460	438	460	443	423	524	460	491	524	526	571	495	465	509	562	634	637	618	578	525	520	404	460	470	437	483	370	400	427	458	515	494	483	542	501	556	527	572	525	517	507	511	458	437	439	439	424	452	517	483
578	655	624	681	626	624	560	571	509	414	422	364	337	489	564	559	636	609	507	548	533	536	554	465	511	432	499	543	490	456	449	424	515	670	576	601	571	579	537	514	564	485	534	584	570	596	569	489	488	481
531	605	571	593	550	502	465	470	500	457	495	569	646	514	499	477	439	517	588	642	612	582	556	577	580	438	347	237	332	359	419	473	422	458	419	430	343	330	364	414	442	452	514	398	518	521	525	550	554	641
582	548	442	446	461	408	485	503	485	557	544	427	443	434	429	456	408	422	432	413	433	434	439	505	507	495	477	448	442	468	439	511	464	485	507	569	470	484	451	433	483	493	570	448	480	488	377	454	500	426
489	486	506	546	584	633	558	587	600	618	639	623	686	638	585	521	465	551	429	483	468	363	324	361	370	395	461	433	533	620	619	601	664	655	650	687	575	519	525	503	499	484	514	517	488	437	412	372	469	524
558	610	506	543	489	501	442	389	383	438	395	385	470	417	483	527	416	463	427	383	361	385	362	450	542	587	624	550	550	482	424	411	423	438	392	524	570	628	655	584	503	546	508	508	498	514	443	431	524	520
539	516	458	480	434	495	457	428	396	363	437	389	417	520	467	538	510	524	589	558	613	648	577	524	414	415	413	452	412	464	527	536	596	557	503	520	595	593	552	573	475	470	423	467	446	437	496	458	496	472
478	571	580	670	571	586	564	484	520	495	485	558	562	549	484	464	410	408	401	496	463	500	535	534	503	491	536	563	589	596	544	616	471	489	586	520	556	513	454	470	425	506	526	529	489	460	525	616	612	618
563	525	412	429	426	390	485	514	501	549	562	496	508	558	516	518	624	585	518	538	507	607	607	640	608	478	445	365	422	394	414	424	419	478	553	613	551	491	464	354	398	369	352	425	441	413	495	508	476	447
380	424	402	408	382	462	405	478	488	503	499	551	514	529	559	552	536	637	564	595	608	590	621	661	612	581	566	483	544	478	390	409	482	575	620	642	674	579	583	545	617	610	667	609	587	565	502	406	453	473
422	550	518	523	560	603	595	597	609	575	611	548	555	499	467	460	447	385	415	383	388	466	394	480	577	519	588	589	626	636	555	582	446	415	324	306	371	342	420	429	332	366	453	461	554	563	590	655	541	580
553	452	427	405	343	474	425	486	529	552	522	487	407	430	418	452	484	469	544	521	496	495	487	481	529	585	519	507	489	471	449	368	391	399	442	507	576	632	603	551	500	414	434	485	423	529	521	403	443	477
505	584	536	570	466	483	527	482	573	654	570	594	610	528	549	589	654	569	635	549	459	444	426	349	395	470	422	389	390	415	376	390	420	403	414	406	478	497	490	479	506	510	564	553	501	506	378	376	492	474
579	634	609	548	551	486	459	441	500	462	451	426	469	421	478	492	462	436	456	408	454	524	524	564	509	367	272	291	403	457	509	526	544	568	505	480	458	429	429	427	435	489	517	547	471	488	482	428	427	463
408	396	408	341	285	342	209	275	304	324	406	465	490	523	554	581	579	460	529	472	556	578	522	555	506	501	444	348	303	306	367	443	468	443	435	492	568	532	425	386	364	449	458	524	572	504	486	437	469	431
414	395	449	501	524	568	540	518	443	469	522	524	579	512	404	442	486	480	502	499	543	547	584	611	561	489	421	467	372	422	438	484	437	410	382	422	431	490	529	484	493	435	557	488	541	513	430	448	501	453
567	563	525	570	633	631	597	565	521	388	372	339	418	391	403	411	294	288	261	333	428	484	563	594	580	657	625	663	633	579	509	512	431	371	457	389	438	532	524	549	502	531	626	553	632	582	483	443	440	495
593	570	520	480	495	453	502	567	566	675	571	588	504	469	435	405	469	419	425	449	490	459	555	510	503	450	526	451	495	476	481	475	486	564	611	650	719	598	593	535	481	556	534	532	577	546	512	530	633	632
721	695	675	597	575	480	449	431	416	406	460	429	396	385	318	424	489	532	624	596	583	564	595	557	569	542	537	550	550	600	541	618	590	491	482	458	468	467	451	416	446	503	449	466	507	477	511	633	650	588
622	540	482	429	393	439	419	482	541	506	506	505	505	489	487	513	516	547	546	516	387	449	388	396	488	423	433	491	451	406	455	516	544	575	554	506	477	435	389	397	434	463	455	551	534	532	491	401	400	400
499	536	580	602	530	531	513	447	406	417	351	438	468	466	472	480	519	513	584	587	532	527	487	475	513	478	487	435	414	426	521	609	638	665	687	692	616	561	644	642	523	538	540	410	394	453	330	405	440	418
488	496	524	583	578	570	569	540	506	462	523	547	647	604	551	542	423	478	509	560	728	641	648	560	433	438	435	469	463	475	506	481	482	550	583	579	582	585	595	544	602	551	599	565	524	555	478	536	605	569
517	504	528	468	464	469	509	561	565	583	555	569	557	512	523	579	566	523	484	450	402	437	432	479	514	543	513	541	597	561	659	630	577	556	450	437	414	363	383	451	436	501	535	491	534	440	384	416	496	503
574	596	549	517	512	522	502	509	491	484	559	624	663	687	700	614	591	585	571	509	521	507	530	572	628	606	601	460	424	452	459	414	433	390	341	383	406	439	470	424	429	483	463	478	452	470	433	481	547	484
578	536	523	528	609	567	576	566	561	393	390	459	491	466	546	543	539	531	481	483	449	501	571	503	541	512	453	525	551	524	543	498	568	632	618	616	541	471	470	458	390	443	414	413	424	477	440	477	472	510
446	428	320	328	272	321	406	420	411	498	449	450	487	399	369	331	418	477	536	624	614	510	552	616	598	707	634	496	529	438	362	394	360	475	486	559	592	590	552	539	580	482	519	544	552	614	614	659	608	592
612	627	600	562	518	486	476	534	579	550	539	485	542	421	469	439	441	499	524	542	564	624	575	484	459	388	336	331	310	348	422	410	414	351	328	294	362	421	487	525	542	518	522	559	585	567	569	567	564	502
589	564	469	515	489	496	479	575	585	541	525	542	559	602	565	571	507	413	448	458	437	484	530	534	606	589	527	537	485	523	472	485	456	438	537	625	632	596	474	349	370	427	463	538	544	527	488	455	405	449
388	482	611	630	639	666	555	517	438	427	385	486	557	487	600	628	574	571	497	498	512	605	519	455	484	469	446	490	537	570	570	622	600	520	525	459	449	524	450	551	487	458	530	535	584	591	533	470	399	399
458	549	618	588	551	490	477	489	502	497	461	434	480	486	488	514	494	468	467	486	525	551	642	676	618	592	554	582	610	645	640	610	572	547	472	381	413	385	437	565	600	614	570	546	541	519	540	522	521	458
397	422	397	524	551	579	588	565	570	572	539	578	564	578	584	569	566	547	532	484	487	418	466	529	510	541	517	537	522	533	596	550	512	460	459	484	492	457	451	446	445	483	538	521	455	475	503	488	578	546
525	495	443	396	483	502	525	557	500	515	479	435	384	379	465	488	592	616	555	494	447	496	526	520	533	536	478	559	578	594	494	564	555	618	722	689	598	574	515	442	426	400	407	426	446	482	449	516	492	489
607	597	594	545	521	414	416	417	447	456	398	488	452	523	568	569	568	518	517	520	427	414	449	486	507	553	537	502	505	519	526	509	537	540	585	611	584	469	515	377	288	387	368	463	545	527	560	566	525	526
545	499	410	457	501	430	469	552	470	447	464	465	483	485	544	666	657	683	650	564	500	516	558	579	585	568	477	496	536	486	484	431	401	456	511	589	586	583	608	597	535	453	464	491	459	436	452	366	288	343
400	399	491	473	487	502	538	532	465	489	512	527	524	570	579	651	634	553	531	467	511	554	516	480	390	365	382	412	482	465	363	353	417	396	517	535	551	556	578	590	633	653	636	574	618	592	604	657	584	529
611	557	526	545	531	515	582	636	666	585	616	601	603	553	505	489	433	494	474	478	427	498	546	543	573	603	592	604	569	559	494	506	456	420	430	489	557	609	605	550	507	412	426	455	428	445	611	549	560	596
601	526	510	418	403	356	386	379	359	355	393	296	434	469	497	587	526	486	482	499	520	454	458	493	504	466	449	411	428	405	418	490	380	489	515	482	530	496	478	423	388	470	521	514	608	537	588	656	573	462
465	471	474	481	494	451	404	434	415	368	425	423	397	498	540	538	560	441	448	412	443	545	521	476	514	515	511	559	507	518	489	448	512	416	495	505	517	444	460	400	463	461	454	444	449	522	516	541	596	576
558	550	538	408	433	461	375	457	516	438	426	514	474	533	489	458	442	464	508	553	537	468	458	494	563	665	754	704	624	574	474	418	449	471	565	682	656	546	516	525	439	500	571	554	502	450	397	383	481	571
593	689	678	578	462	447	448	427	545	483	487	464	427	425	424	411	477	450	510	500	541	548	546	539	601	677	611	584	566	473	530	636	587	573	523	543	511	484	468	554	554	615	578	549	401	432	439	367	500	536
526	496	500	383	443	508	372	445	496	566	643	700	654	599	509	444	459	453	404	430	397	352	429	486	579	546	593	551	512	531	593	513	546	546	480	422	504	536	477	491	548	584	636	654	574	467	464	353	414	490
439	610	615	684	673	650	625	608	556	586	601	579	534	512	540	480	509	538	459	421	400	356	315	305	284	287	297	357	370	440	401	475	488	464	448	413	498	451	516	498	480	537	426	491	460	449	443	436	454	509
596	592	569	556	557	491	551	549	433	470	437	385	380	392	398	407	482	453	369	365	450	507	479	470	340	296	391	404	430	466	486	509	559	537	534	509	567	575	657	580	581	519	468	480	533	537	588	590	627	581
613	579	469	440	452	401	415	526	578	573	713	694	571	590	527	476	504	505	563	610	590	522	537	585	539	637	588	572	587	537	511	462	459	533	423	453	453	400	355	372	409	440	512	510	504	516	435	374	428	449
584	611	587	516	496	469	429	482	445	490	530	592	550	440	519	440	468	521	440	480	512	584	618	637	666	630	602	601	519	489	489	492	493	462	401	375	341	414	462	432	568	445	497	507	474	521	567	529	451	488
478	491	555	596	621	584	575	538	444	442	499	511	575	552	532	443	459	491	462	495	462	434	474	416	404	401	331	391	452	465	483	393	353	376	252	317	342	340	427	467	476	577	593	535	557	544	522	502	509	445
398	370	479	503	450	527	548	581	541	614	599	539	649	617	602	574	572	584	575	613	554	604	514	462	473	408	464	586	547	648	581	549	484	425	366	371	385	374	473	549	543	515	518	493	469	590	479	469	437	446
467	482	487	480	457	469	503	470	510	550	494	558	511	563	594	537	549	492	493	484	485	402	409	370	412	457	523	542	542	472	414	344	417	488	469	529	577	605	611	603	515	451	448	423	428	426	453	481	495	505

516	450	445	434	421	445	510	477	511	496	465	430	439	473	490	526	576	527	478	456	439	418	456	462	459	446	346	343	420	468	460	437	411	367	456	555	610	575	571	498	432	344	380	364	419	423	398	317	324	346
391	499	501	525	546	481	517	461	430	457	425	391	447	313	293	317	281	362	459	647	529	554	566	445	468	512	566	581	545	456	476	386	425	451	454	452	467	486	423	392	434	469	571	557	478	443	320	401	479	476
457	411	395	450	476	509	555	535	538	514	544	541	459	362	442	440	546	600	602	585	585	631	665	596	631	600	520	477	401	327	302	289	426	473	495	572	449	430	480	451	386	399	390	379	460	455	534	485	370	388
400	407	455	557	516	459	478	413	442	435	466	518	635	580	576	515	491	485	502	521	485	387	408	377	445	498	503	523	482	446	463	386	446	369	370	367	314	364	399	432	538	604	608	582	522	484	448	354	467	459
456	570	569	547	623	601	552	524	473	496	462	509	479	394	407	311	453	502	524	515	481	479	466	546	574	528	526	449	423	438	533	490	562	533	499	514	489	527	568	530	571	542	548	559	583	603	591	658	659	640
637	597	596	596	536	484	534	470	481	569	527	552	522	455	429	444	448	461	414	394	454	455	562	578	525	561	473	468	548	488	487	525	491	488	514	485	570	586	540	594	460	462	434	316	434	437	512	552	480	463
386	413	544	578	572	538	438	423	488	464	594	580	590	655	710	714	695	669	480	410	363	482	547	570	710	678	588	538	475	420	349	368	421	423	414	455	501	462	452	471	420	427	479	533	499	491	498	419	438	460
455	507	472	555	586	650	588	540	509	498	606	571	579	556	484	447	548	590	633	670	596	655	553	535	473	388	402	349	421	472	455	551	583	623	638	589	594	556	525	453	448	482	460	509	539	448	423	456	363	307
381	441	520	578	661	637	620	656	599	545	543	521	472	444	354	450	414	483	510	494	550	468	494	474	370	448	364	314	442	488	552	540	492	550	563	518	584	593	423	441	449	453	471	424	332	322	298	362	452	457
453	513	537	551	494	494	391	405	467	381	400	403	462	411	458	390	318	298	228	276	286	381	454	525	501	500	481	487	504	541	541	557	494	571	559	549	625	491	435	418	370	365	367	378	381	383	437	370	430	435
421	520	439	441	405	323	315	430	539	583	599	513	482	483	394	469	455	518	483	544	435	518	528	554	546	584	583	484	465	458	415	415	496	494	536	509	408	390	380	321	444	557	641	660	586	566	529	591	593	608
627	581	559	625	638	569	513	472	449	527	456	488	512	432	485	493	464	544	503	431	498	538	561	665	643	625	605	542	512	513	386	429	459	433	441	493	555	484	581	569	488	501	532	588	633	669	595	608	615	571
668	584	613	627	593	599	633	666	636	619	646	551	553	535	555	529	477	458	496	486	617	672	638	652	599	569	612	521	581	531	525	571	514	497	560	470	508	504	498	520	575	584	666	609	620	640	623	584	615	593
536	559	531	512	489	449	516	504	521	584	530	623	684	592	545	516	429	392	374	407	349	379	476	436	511	528	443	505	552	553	528	483	469	416	461	503	369	376	366	349	412	433	458	472	421	409	333	313	321	353
479	542	619	579	465	516	483	482	588	580	534	522	465	436	476	508	477	459	465	444	430	431	497	471	462	482	392	432	495	541	578	561	525	534	461	481	400	461	483	471	567	623	695	654	552	475	429	456	418	441
499	528	589	567	429	448	374	305	399	488	438	469	472	484	502	599	620	592	620	576	513	441	351	309	364	378	452	460	472	464	425	433	442	517	572	585	514	438	486	471	508	591	537	472	457	519	448	479	470	511
549	555	644	602	560	579	451	499	486	475	461	463	510	470	447	544	423	481	504	498	532	479	472	403	480	513	539	489	404	411	342	393	470	490	499	427	560	500	598	654	524	536	494	457	464	496	470	459	479	424
450	440	422	460	462	411	518	580	550	513	450	462	439	439	441	419	452	523	589	486	446	423	446	436	467	436	494	399	386	323	352	367	478	560	523	489	435	447	514	610	635	615	634	624	621	636	561	612	515	511
519	541	509	475	379	374	318	484	570	574	569	613	577	601	649	642	679	621	586	613	575	556	552	561	551	513	499	495	456	453	408	428	470	448	471	458	353	407	418	366	403	431	420	457	485	504	497	538	605	572
606	574	540	518	486	429	408	433	528	473	567	594	582	536	507	486	544	586	528	560	504	493	637	698	710	695	615	565	596	628	561	470	382	441	444	525	596	556	495	413	374	341	403	497	525	611	670	626	668	611
542	499	494	532	441	452	453	511	515	626	589	544	543	481	482	444	430	433	446	434	430	559	517	543	500	530	464	497	537	612	605	574	480	494	447	405	391	411	349	483	512	559	703	672	663	516	523	483	494	489
433	402	463	458	533	557	544	568	516	524	490	485	511	425	415	500	493	441	484	503	472	541	611	591	612	674	603	566	600	524	496	435	374	376	424	566	593	642	605	536	540	506	476	502	582	528	580	642	519	497
469	406	416	443	423	462	545	498	496	452	454	594	662	645	648	560	504	578	588	645	559	446	435	327	444	487	530	496	571	628	565	607	556	530	463	497	557	535	595	652	621	486	516	501	451	558	659	619	577	579
591	548	568	593	560	601	617	565	499	502	448	500	532	475	505	505	519	477	581	552	589	508	456	405	323	407	423	422	473	467	542	515	511	494	448	433	507	478	503	526	413	494	470	406	445	413	410	469	467	510
537	602	622	598	598	562	540	545	548	483	494	438	452	573	522	583	604	479	497	540	532	620	640	655	641	614	531	464	429	493	501	483	443	428	415	429	566	557	479	497	460	470	562	490	523	533	485	512	497	439
504	499	464	477	517	479	537	514	515	475	460	539	461	542	547	478	431	410	481	508	626	561	562	547	482	494	473	491	535	446	406	364	329	338	412	394	399	413	353	345	443	504	472	536	493	457	428	454	463	416
412	437	443	466	513	554	563	502	557	647	591	547	566	526	459	586	570	494	473	446	361	460	485	496	518	451	484	472	533	515	510	533	535	493	499	460	388	519	512	493	590	607	597	675	700	620	703	665	568	547
444	443	424	535	568	614	647	557	479	395	389	405	406	540	497	448	433	337	371	389	494	523	604	590	584	545	509	495	486	472	557	615	559	636	581	503	509	487	550	523	587	589	547	533	550	539	544	560	534	442
420	346	339	413	461	519	567	533	484	396	290	354	330	382	383	358	286	323	380	365	423	392	443	417	433	360	400	433	381	432	447	409	499	525	495	509	535	563	547	667	644	618	547	500	463	482	533	539	499	390
355	385	331	421	516	520	581	554	563	616	624	626	689	602	613	547	582	567	548	484	496	450	513	529	416	512	473	594	607	612	547	499	581	494	481	552	507	528	574	560	566	503	475	472	419	521	542	596	607	561
518	374	454	592	669	685	585	546	484	479	513	485	462	427	497	516	513	570	577	450	464	420	454	532	545	525	485	521	618	617	566	637	551	596	675	588	638	666	575	543	602	527	550	572	542	472	472	438	499	516
477	524	483	558	647	678	644	633	583	592	470	435	356	366	436	510	444	515	517	518	557	578	633	703	712	748	640	635	589	614	640	566	524	533	391	429	370	414	495	558	551	549	514	536	509	482	448	502	511	565
533	454	537	472	519	513	485	482	528	502	496	500	466	513	610	623	710	586	593	621	548	652	627	519	578	492	512	578	575	512	556	564	535	518	490	464	401	418	422	432	460	452	474	482	441	400	383	388	351	461
502	521	666	582	504	562	542	560	613	499	483	426	372	394	375	423	452	467	455	519	573	580	666	623	505	456	355	375	415	522	545	599	649	559	563	490	378	380	508	568	586	573	490	485	488	401	363	398	422	489
559	503	566	517	461	543	527	473	479	497	512	618	650	620	565	549	532	529	510	518	490	489	529	466	477	429	433	397	527	600	576	614	506	513	460	498	527	613	664	650	573	425	372	369	442	559	588	623	498	428
450	487	552	589	556	470	460	477	499	483	524	480	464	455	404	405	304	342	387	431	460	502	481	484	480	453	455	474	456	529	490	431	359	331	341	392	519	544	569	596	538	568	597	501	550	540	532	465	437	397
358	322	349	419	474	551	582	541	573	628	589	643	592	562	506	521	522	521	477	510	550	553	619	627	551	523	487	461	564	569	563	644	595	597	660	655	634	583	568	495	469	450	522	507	546	594	512	488	472	434
431	400	445	336	334	416	463	537	648	591	529	560	467	470	444	386	394	383	392	328	386	368	391	444	418	401	407	476	469	517	495	454	416	358	461	531	575	591	561	615	539	563	454	436	367	379	485	419	478	467
450	428	494	519	450	508	460	455	462	441	564	503	558	510	555	546	516	546	531	496	502	503	558	614	588	551	504	397	437	434	476	533	674	712	785	761	728	656	515	485	464	411	419	384	402	528	533	547	609	526
565	613	559	503	414	379	399	460	528	611	653	530	555	467	495	427	406	341	375	362	452	547	556	607	675	581	481	514	491	560	564	512	447	449	486	524	605	605	614	600	571	575	540	466	387	302	325	346	403	418
529	538	555	569	570	500	601	515	541	502	493	443	498	426	453	551	579	598	627	607	536	478	498	524	578	559	524	433	381	357	400	517	569	573	601	539	508	520	565	460	482	510	478	463	534	473	512	473	616	573
583	577	529	470	479	434	444	444	454	547	631	656	562	508	457	472	459	477	536	524	462	552	435	366	436	449	434	478	569	517	558	484	458	437	410	552	441	431	476	441	386	493	502	494	466	439	361	428	523	516
592	639	600	605	551	600	616	527	620	620	595	672	674	663	580	501	472	435	401	490	567	546	604	522	517	457	516	484	514	584	613	572	583	569	618	570	597	592	491	537	531	499	454	412	299	422	464	496	477	430
349	345	427	417	447	440	399	443	515	518	520	562	467	491	391	458	497	526	532	523	430	438	474	475	478	567	542	472	421	380	428	481	513	532	590	451	458	463	508	515	502	503	576	523	574	475	415	446	362	434
495	512	556	600	590	522	551	495	586	607	543	532	482	418	438	467	477	554	462	388	393	310	444	463	408	475	525	597	629	634	594	473	416	406	431	337	464	546	477	540	564	553	577	519	587	574	613	642	630	534
496	483	440	487	517	537	549	586	555	502	544	483	399	384	374	428	549	498	551	554	465	516	427	380	445	440	496	495	549	550	557	526	507	524	524	625	656	550	506	470	437	490	557	516	511	469	467	467	475	452
482	447	430	381	462	490	542	535	560	480	440	495	468	474	379	333	254	266	315	392	445	424	450	416	413	460	518	579	660	643	615	629	572	560	583	609	515	555	537	510	469	404	374	384	403	357	355	403	411	479
547	540	555	605	555	600	499	442	408	442	464	550	581	637	599	610	581	531	607	587	569	559	536	523	601	598	673	680	730	703	576	554	456	395	431	467	576	652	668	638	591	595	531	573	545	547	585	576	532	615
545	478	414	388	376	418	505	532	533	551	508	477	465	533	558	582	516	472	479	416	487	473	446	472	516	587	534	432	541	439	464	456	452	448	438	459	427	467	562	437	531	494	473	568	629	584	581	597	545	555
623	495	452	501	502	520	478	445	393	373	462	463	471	480	481	493	500	464	393	403	483	453	545	569	544	604	610	624	577	466	484	424	505	443	541	546	583	578	599	541	534	434	426	392	462	551	582	651	643	614

560	576	513	479	520	524	511	558	503	467	414	489	479	554	533	497	496	486	473	539	590	528	579	474	439	342	376	452	527	618	603	541	558	547	570	547	532	548	549	498	510	459	466	446	562	528	487	520	427	480
449	550	604	450	553	539	521	593	566	474	499	425	448	560	533	515	425	486	448	451	525	403	352	411	354	481	573	544	609	553	475	482	587	534	541	515	523	551	569	619	588	586	594	568	529	447	434	477	494	507
568	604	509	502	520	525	547	552	568	514	468	406	483	547	561	599	543	452	517	505	558	550	578	542	513	486	383	383	451	529	564	577	664	631	608	550	527	482	479	450	508	551	559	576	535	486	445	403	506	493
558	487	444	461	438	518	575	598	602	616	571	557	515	478	449	462	429	425	470	497	475	481	496	453	454	498	454	510	520	491	532	535	450	494	500	391	507	545	626	613	612	596	568	616	699	656	670	629	620	503
509	471	453	414	320	422	379	417	518	491	448	454	524	546	606	551	574	582	600	567	516	447	429	319	419	328	268	314	332	431	500	538	478	472	466	505	506	620	536	537	532	543	545	567	566	531	622	539	522	477
372	390	424	396	472	429	447	496	469	502	574	564	529	518	508	589	523	531	487	433	489	525	553	589	507	508	471	401	418	438	463	483	581	632	647	586	624	564	585	556	557	541	549	636	596	574	538	419	361	426
418	439	457	454	534	535	536	549	497	502	572	624	645	704	655	654	663	569	465	436	475	565	545	557	557	533	480	405	450	382	417	375	312	363	301	397	401	352	365	428	475	542	529	476	467	474	405	403	494	430
539	603	607	591	593	533	460	428	325	405	476	529	535	451	396	340	421	577	648	679	603	528	481	413	379	432	447	526	438	489	511	562	574	461	427	403	348	439	484	519	477	469	519	400	348	358	282	342	395	362
327	427	431	441	443	410	360	441	426	490	519	502	409	455	446	600	670	684	589	534	407	388	409	480	508	506	527	563	532	592	551	516	514	507	567	547	568	560	502	464	398	335	357	403	425	543	556	514	416	419
428	493	513	415	368	377	397	369	379	430	428	434	467	514	504	512	426	487	422	464	507	478	452	467	538	509	644	640	655	716	606	640	581	509	518	427	382	453	532	530	568	481	488	482	503	557	572	481	500	461
460	506	457	467	554	551	555	623	604	525	522	598	539	472	486	477	450	535	510	524	461	467	527	571	607	623	611	536	457	552	510	485	560	464	447	394	415	429	423	433	527	571	611	685	555	516	504	414	462	460
503	543	516	567	546	527	482	584	543	542	490	543	538	493	649	629	623	689	686	608	470	419	374	450	539	544	511	433	437	431	486	477	518	593	615	612	573	510	459	420	437	434	363	412	463	400	463	434	464	465
424	404	394	368	371	403	424	478	508	492	516	455	361	431	470	465	470	436	423	411	450	478	485	437	385	449	446	499	545	556	620	629	609	609	566	570	581	592	517	456	381	363	449	381	436	442	484	475	463	495
477	463	513	524	527	472	422	475	518	572	579	515	451	489	525	559	556	435	384	445	477	479	500	498	469	488	505	543	652	589	605	632	596	563	579	568	564	502	446	449	365	387	440	452	574	567	604	607	466	455
502	430	463	538	515	491	458	456	483	430	501	513	584	656	685	649	503	482	511	473	526	464	379	340	381	355	381	426	354	351	388	383	434	542	546	479	444	455	357	453	550	559	585	645	555	560	524	471	470	498
444	434	452	467	419	548	478	405	406	390	394	464	594	582	504	436	369	406	373	431	367	439	446	486	556	536	522	511	473	478	445	491	531	603	596	615	607	616	563	508	479	438	383	357	306	392	480	510	554	578
541	473	601	589	574	605	539	413	412	479	506	526	572	493	401	447	462	534	615	659	658	701	664	620	642	644	602	582	499	443	358	440	454	513	450	544	632	654	685	677	622	529	489	465	473	525	540	591	607	596
634	582	494	443	511	548	532	595	586	616	539	560	534	523	515	575	517	567	545	442	456	468	456	427	447	390	417	445	452	455	540	523	565	637	596	566	549	571	481	512	497	479	491	553	523	474	505	457	421	458
478	456	465	363	424	432	576	547	520	499	462	505	506	552	581	491	444	492	443	406	499	516	523	692	655	705	624	601	527	413	482	504	595	618	648	619	642	625	604	581	521	521	517	604	528	520	518	421	448	478
423	469	570	592	574	578	503	451	442	505	499	473	421	321	305	262	298	353	360	430	529	470	486	493	543	501	559	483	460	396	414	357	331	297	296	335	346	292	278	288	421	378	488	549	496	557	580	591	542	554
541	523	602	691	700	721	683	634	641	560	507	465	427	416	460	501	538	506	401	358	286	372	423	505	601	649	553	541	521	555	604	644	589	518	523	509	523	486	534	504	487	458	458	486	425	478	409	431	390	504
429	432	473	452	477	445	434	472	487	529	468	560	522	606	663	612	678	624	667	701	710	705	671	618	595	582	492	435	504	571	541	513	442	439	445	513	571	586	552	483	473	435	432	435	570	552	538	521	431	397
377	313	358	389	347	432	424	424	473	469	569	606	672	606	567	584	475	492	529	612	581	592	541	435	388	480	429	449	421	367	382	442	426	489	476	445	427	360	451	442	405	508	550	535	598	630	540	579	492	331
370	391	340	447	414	404	429	348	367	434	397	355	421	496	564	618	642	597	534	434	388	462	535	581	577	545	511	515	488	542	554	544	536	554	454	460	553	549	553	498	440	426	405	462	560	611	582	577	530	448
479	495	563	621	625	587	630	551	479	545	452	502	535	516	447	463	367	329	412	446	475	554	516	547	542	549	580	609	633	627	496	434	380	352	409	488	416	466	466	496	494	552	542	447	469	491	558	545	522	450
353	371	458	493	558	598	604	550	579	536	526	493	558	571	529	586	595	612	645	616	581	531	503	490	551	572	591	498	516	480	408	479	542	512	502	530	495	495	501	490	437	385	426	356	353	411	508	495	471	519
511	496	530	600	592	675	681	590	530	461	467	477	518	552	574	573	570	501	567	447	347	360	252	348	450	503	614	653	746	685	623	591	488	429	363	362	362	347	441	399	436	519	513	510	501	580	466	502	544	522
537	608	601	565	506	431	303	345	308	414	470	582	569	562	550	534	408	434	420	520	592	690	610	575	446	359	444	428	464	574	508	461	491	480	471	486	461	489	481	531	521	519	527	460	412	481	468	489	543	417
446	441	420	469	471	527	519	520	611	550	552	534	536	465	473	599	543	606	657	663	660	645	592	590	601	727	750	719	682	621	492	469	511	531	494	532	476	503	484	479	455	415	416	439	487	507	519	545	508	425
361	340	357	443	501	483	617	564	615	689	675	755	750	671	613	480	496	414	309	392	381	489	519	471	450	415	311	405	438	500	613	615	532	540	493	468	550	551	626	533	492	504	535	627	675	672	696	631	499	479
440	382	465	470	485	468	475	601	550	533	547	545	607	648	578	545	588	577	544	564	540	499	470	486	403	417	457	372	427	480	426	445	472	396	389	415	471	579	689	649	533	514	405	498	468	528	570	538	601	573
620	546	567	576	466	506	467	415	511	522	509	560	658	669	688	704	621	577	520	471	442	481	464	494	564	473	401	426	429	415	464	468	439	373	337	377	357	443	556	556	580	579	483	473	418	458	445	442	465	328
337	426	396	489	511	537	496	472	488	437	401	404	402	373	311	332	390	473	501	521	581	572	570	598	514	569	596	640	630	668	652	646	642	573	541	521	509	532	544	532	576	573	583	575	561	540	534	567	594	517
603	563	491	540	574	541	516	564	566	563	541	614	592	614	583	589	496	409	524	476	474	504	516	476	565	524	398	380	334	354	423	414	427	347	326	379	371	367	436	507	539	545	545	459	372	453	413	417	511	505
544	604	580	620	559	553	486	383	358	401	459	394	449	529	569	618	590	532	475	381	364	382	393	426	472	458	456	481	430	506	547	524	502	513	378	431	431	500	506	428	488	513	594	591	649	569	535	515	531	579
548	503	490	436	465	464	516	546	519	501	548	425	519	542	563	539	476	423	381	370	369	399	502	527	502	535	499	430	431	571	505	534	525	489	528	594	641	581	557	496	405	357	312	340	372	490	521	617	604	609
536	466	440	450	409	495	424	403	468	549	617	656	733	598	602	476	416	441	455	434	549	584	554	585	603	586	495	532	592	636	651	564	523	480	453	409	387	382	357	431	528	523	534	526	437	341	352	319	346	400
378	368	402	354	393	402	445	498	483	383	438	495	568	561	547	484	548	511	572	575	545	561	559	492	498	425	414	411	414	498	527	589	548	508	571	553	531	505	508	441	456	462	497	552	506	589	489	545	592	621
674	637	629	566	493	502	474	514	520	392	475	481	463	525	453	472	524	602	616	698	676	655	576	548	633	666	589	659	599	538	483	452	477	480	498	554	409	413	365	410	482	498	578	679	700	655	593	565	582	453
446	366	320	326	319	287	368	434	483	530	530	433	324	292	370	352	372	426	445	462	500	552	604	546	523	451	492	445	530	582	639	608	655	614	502	541	538	512	560	487	383	435	514	528	485	492	456	393	417	492
439	535	574	596	571	487	432	361	401	446	484	444	468	398	468	416	457	401	329	373	349	393	507	541	507	556	424	381	429	524	560	620	575	462	382	430	389	423	372	369	361	457	523	518	578	493	471	441	375	346
365	341	360	424	389	446	462	486	401	469	442	412	452	459	466	501	451	475	442	435	499	478	472	509	389	364	385	321	327	402	374	454	432	320	307	278	371	495	542	578	522	460	490	534	597	624	567	579	577	531
572	558	478	488	478	464	438	504	548	565	636	596	553	541	482	451	361	361	379	301	436	556	576	585	547	441	403	419	455	490	440	436	463	488	494	517	534	513	486	507	547	545	544	581	575	556	525	537	480	512
586	529	520	457	446	425	454	516	510	472	517	484	500	504	519	542	572	566	575	492	422	429	309	359	353	387	463	478	511	555	530	513	476	414	338	350	488	577	612	572	454	343	417	346	433	499	462	495	512	530
477	440	406	386	417	421	496	473	523	473	481	434	498	515	575	636	553	486	473	376	406	441	502	537	579	518	587	563	527	457	422	307	417	452	500	631	558	533	531	486	442	526	503	455	552	513	558	595	554	589
574	671	609	477	493	394	360	390	322	289	251	326	296	350	477	526	647	657	597	532	506	408	477	445	472	515	478	574	627	613	555	472	395	318	312	372	393	459	517	542	507	560	543	625	671	616	573	602	651	598
539	483	438	454	535	594	542	507	428	371	398	438	411	485	467	436	577	559	510	564	527	572	576	543	517	542	555	536	550	407	375	335	265	380	432	511	518	472	441	488	424	404	434	404	467	565	557	628	653	624
671	640	621	633	633	698	567	540	525	535	530	673	560	547	526	527	550	588	553	640	618	528	564	547	616	615	553	551	412	285	389	333	382	388	454	492	493	511	500	554	578	516	511	431	378	347	326	306	327	327
343	392	392	423	411	463	494	556	515	526	434	490	489	503	549	504	457	489	397	468	441	509	491	482	443	462	482	426	502	472	606	621	688	665	594	590	498	505	469	464	479	559	526	567	516	465	418	412	388	399
436	439	516	497	473	499	530	527	470	442	319	367	333	377	407	417	481	452	524	571	545	563	570	597	556	523	485	430	402	457	418	495	464	511	550	496	408	449	441	560	628	680	659	665	610	513	546	529	549	526

521	453	410	332	374	381	457	563	562	541	524	448	473	526	490	531	527	523	593	549	582	619	515	571	531	509	457	465	558	511	520	436	376	373	361	407	478	506	499	513	438	441	536	583	609	616	613	582	601	574
552	533	536	545	494	458	504	523	511	456	500	472	411	488	411	452	463	410	409	415	378	380	417	433	352	434	477	588	632	698	663	612	615	588	581	543	543	423	386	398	391	435	486	513	485	429	386	320	450	469
498	521	463	535	559	533	556	492	467	448	361	339	347	365	431	486	521	513	477	433	536	510	550	428	379	418	395	493	544	508	540	519	473	529	489	496	545	574	675	643	648	632	523	504	583	533	564	562	463	446
533	521	498	488	495	489	470	490	450	463	398	474	381	424	472	448	434	438	485	447	479	490	535	550	535	512	540	566	522	519	491	376	483	436	535	586	495	529	552	516	544	607	528	472	432	446	370	409	421	454
504	508	574	539	623	562	595	561	654	604	586	555	551	564	579	591	664	568	582	635	584	568	626	599	654	668	604	585	480	486	566	599	687	750	708	595	560	449	416	361	385	396	444	491	406	368	478	534	532	593
544	515	520	495	494	509	445	415	403	410	413	432	461	403	448	486	584	595	523	471	431	375	374	420	449	492	572	641	590	599	591	536	469	404	392	387	474	475	521	526	430	431	384	385	384	460	487	406	472	487
443	534	530	535	523	561	503	575	515	594	569	498	471	456	408	400	430	340	361	410	544	532	446	494	431	467	554	470	480	469	414	442	523	564	599	545	506	523	523	515	517	540	575	630	673	600	567	614	564	500
562	473	406	377	405	397	513	579	564	527	484	404	423	393	382	400	408	408	396	487	479	464	514	573	574	568	546	478	475	476	457	547	481	441	453	419	408	420	498	557	538	527	490	480	508	529	509	527	472	429
445	488	561	618	661	598	608	572	614	624	595	547	520	521	528	516	493	468	471	431	419	518	523	537	566	525	488	406	404	455	428	459	569	538	566	544	480	501	521	484	451	458	448	516	641	676	570	566	475	489
599	546	507	550	474	538	654	651	676	624	593	630	533	532	479	460	519	549	520	573	540	485	546	548	549	679	571	595	603	553	569	548	543	474	491	486	438	454	591	544	505	482	349	411	394	388	413	441	422	506
545	481	588	556	478	495	483	420	446	558	454	520	495	461	538	521	510	531	462	427	520	535	568	519	421	443	305	298	411	446	429	526	551	485	534	608	558	545	492	476	503	477	458	538	484	468	476	469	493	436
441	412	476	577	543	595	616	462	452	366	421	392	499	505	516	467	413	435	360	459	490	577	596	592	568	488	448	427	483	561	541	551	512	467	497	518	463	509	467	494	479	448	476	442	395	468	451	494	477	435
436	442	435	447	468	440	533	559	581	573	521	462	570	483	584	533	514	480	473	468	454	521	466	488	440	479	497	475	521	453	524	472	470	492	502	451	545	547	491	589	659	694	693	622	537	441	496	544	469	464
431	359	405	466	458	454	434	485	551	580	556	519	434	413	386	329	332	336	365	372	395	476	418	402	450	482	506	579	652	601	608	518	544	419	420	412	480	490	452	455	354	289	350	459	516	568	533	514	483	355
328	429	452	477	572	549	530	584	480	490	364	389	389	370	426	450	499	566	544	582	507	460	518	526	524	485	516	520	522	515	465	468	504	461	539	552	530	529	582	526	455	494	471	513	550	570	556	501	479	442
502	519	558	594	637	581	503	562	556	615	544	571	527	570	635	598	572	604	614	550	536	463	360	307	342	428	449	586	571	593	542	476	535	588	573	602	637	575	622	598	558	559	501	510	472	480	509	547	531	447
442	411	438	454	428	503	510	534	525	505	434	396	376	319	461	394	429	463	518	527	525	500	519	570	510	573	524	508	580	606	607	657	627	609	650	585	595	601	655	669	741	744	686	664	556	586	518	590	544	564
529	490	469	413	442	434	500	450	459	421	415	419	394	440	439	436	435	508	486	581	490	513	526	510	585	501	503	496	507	457	531	602	507	479	439	403	425	394	412	375	417	490	465	469	462	489	455	492	512	542
481	414	455	431	471	515	514	520	569	525	443	430	425	440	541	485	487	540	550	552	535	490	530	534	517	416	469	496	564	649	618	557	446	325	329	328	382	482	496	505	608	495	428	503	510	602	647	671	669	550
525	486	398	369	318	347	494	565	639	685	610	542	426	439	439	458	526	536	528	505	390	399	438	422	389	471	538	489	513	554	546	539	604	490	453	355	338	424	439	520	580	556	687	636	643	725	704	706	602	597
473	488	440	480	503	538	592	539	418	418	323	349	439	515	522	549	583	574	675	623	611	536	432	409	400	411	448	544	571	664	647	548	506	502	496	532	509	489	530	588	648	620	630	504	496	351	402	404	429	519
634	591	592	641	572	475	505	427	395	527	515	477	434	407	480	529	624	621	526	409	477	478	483	487	479	466	612	621	614	528	483	452	449	536	497	451	509	526	534	581	550	521	463	443	360	417	512	526	534	501
417	381	373	401	431	509	557	609	670	648	645	731	700	617	641	530	443	400	493	482	492	493	487	501	459	470	519	443	504	450	470	565	643	641	635	611	638	553	566	548	471	480	408	412	390	388	454	453	484	484
576	556	647	536	489	546	387	389	472	444	467	524	399	389	454	420	491	506	414	404	421	437	517	561	592	577	600	565	584	618	649	612	627	588	523	561	604	617	598	533	413	449	411	511	564	561	593	608	600	572
589	552	587	571	565	580	569	540	546	524	510	483	492	482	460	488	426	396	492	546	545	630	695	687	631	603	561	541	501	481	436	328	430	397	406	384	399	332	381	491	523	499	568	520	505	461	500	456	469	490
504	525	604	695	668	611	578	544	510	429	442	411	348	436	494	460	534	495	530	482	546	532	594	639	558	496	417	420	364	400	464	484	518	601	598	569	544	509	565	541	593	587	639	602	586	612	490	477	517	486
477	493	542	516	583	612	557	506	493	570	455	476	506	470	510	541	580	668	618	557	546	483	526	536	549	547	580	545	514	532	426	477	543	419	432	388	402	379	411	394	399	533	632	700	750	602	532	567	554	631
703	715	617	574	585	566	585	598	576	541	448	452	463	394	508	523	541	550	548	613	500	500	476	448	393	428	468	334	358	411	366	416	451	425	370	452	444	464	495	501	542	515	444	493	448	438	519	528	508	480
560	504	580	577	582	568	506	539	573	560	600	529	567	516	529	466	450	416	410	461	515	506	507	512	499	523	595	590	573	504	379	375	416	507	563	670	598	479	502	485	544	568	609	543	502	498	447	469	461	560
575	593	628	655	569	588	424	324	426	380	392	412	353	391	397	385	395	488	509	476	541	456	513	523	559	583	512	550	522	448	439	480	470	487	553	554	635	568	536	522	489	514	655	602	584	551	469	473	422	355
345	348	364	407	574	600	647	625	585	625	635	569	602	563	481	449	388	390	327	345	382	382	363	376	435	506	477	447	545	504	510	500	535	544	550	659	662	610	566	542	472	479	463	545	535	543	579	591	585	583
584	496	567	510	609	528	550	513	553	528	633	606	550	464	446	446	546	656	669	659	567	481	478	491	416	399	335	346	377	351	401	380	491	602	595	646	583	554	621	578	634	525	437	435	446	485	470	467	399	546
523	536	556	505	502	463	410	374	387	373	447	459	579	591	641	657	520	557	503	389	364	381	412	494	541	455	470	486	502	615	634	532	521	438	423	446	503	516	555	595	560	552	581	545	649	599	447	419	440	507
568	568	541	502	417	461	471	439	422	426	388	298	344	514	560	528	505	431	452	421	486	524	452	451	454	381	397	438	396	433	490	420	498	518	544	549	582	498	505	591	613	669	689	608	515	470	432	402	495	450
474	447	457	495	481	540	591	609	611	638	524	442	413	488	442	580	686	664	718	666	569	476	396	371	396	490	470	492	522	551	639	622	549	573	486	437	406	360	320	360	321	342	392	331	333	373	389	454	605	634
714	743	632	563	487	472	441	514	492	503	478	467	446	566	551	594	601	484	500	400	407	403	457	488	591	609	585	517	551	540	569	672	568	515	533	402	488	451	465	502	489	530	521	488	494	458	569	497	472	456
358	346	317	329	429	448	462	543	480	419	479	480	524	525	560	498	496	453	479	606	530	520	435	329	297	364	406	484	496	459	430	419	361	443	467	511	607	561	631	593	609	580	603	597	537	507	472	459	473	501
605	621	614	687	632	574	613	550	501	426	422	439	416	505	505	421	388	380	381	499	563	555	557	515	389	318	383	423	414	527	641	667	593	541	556	509	534	562	470	474	393	463	434	448	438	408	422	398	438	479
579	569	590	601	574	567	652	611	689	628	532	423	310	335	408	546	563	578	542	482	473	533	480	564	490	463	448	500	520	488	519	400	427	493	486	494	441	415	421	546	546	485	496	479	421	444	560	592	607	546
466	410	415	384	491	464	501	551	426	465	504	478	583	670	625	585	503	486	431	390	453	511	507	534	539	484	499	515	515	521	486	490	432	499	473	471	520	462	417	406	465	454	439	392	428	398	392	383	272	312
417	454	537	472	501	490	460	430	398	467	457	381	470	334	332	368	369	360	514	465	489	505	445	487	449	491	537	599	604	576	505	460	450	421	355	378	353	485	604	534	533	499	358	366	436	424	457	448	400	342
356	395	497	596	729	667	556	527	533	586	693	719	685	640	581	516	503	372	394	375	350	439	493	543	528	518	551	686	560	646	596	486	572	483	520	496	417	459	471	521	531	454	434	364	312	398	396	532	527	540
533	481	527	531	414	424	482	517	609	657	608	552	589	581	575	461	405	455	534	523	519	550	515	539	525	511	475	582	501	536	536	437	457	526	513	552	568	504	455	426	460	426	455	514	511	564	523	514	484	419
455	489	490	578	599	568	591	579	593	550	546	582	573	541	526	501	394	403	540	470	558	518	469	467	549	515	565	529	479	481	509	539	599	666	546	562	435	416	395	436	473	466	493	446	447	494	463	532	504	415
437	374	400	507	570	511	558	476	447	462	535	656	680	702	696	623	562	574	578	472	485	444	525	523	566	569	498	475	446	385	406	444	508	623	608	536	551	494	480	482	492	372	436	482	442	523	560	508	443	402
383	403	401	470	404	469	423	508	532	648	711	701	648	666	616	626	672	595	568	534	448	422	398	491	520	523	427	378	317	343	320	357	349	343	435	514	577	608	688	572	567	418	434	428	458	531	619	617	678	678
613	601	487	473	566	522	535	491	515	499	491	434	487	367	399	400	432	434	525	638	526	539	500	525	470	507	440	395	336	421	358	421	395	407	455	516	525	536	526	499	503	469	502	516	554	533	526	570	593	595
583	519	462	403	466	495	523	523	480	437	532	538	593	490	489	446	428	506	460	389	430	419	402	392	423	475	531	475	460	422	466	444	482	382	400	407	431	437	454	474	449	521	519	552	601	473	526	559	595	563
511	555	493	498	581	588	511	619	572	491	574	623	685	773	722	606	630	595	552	628	531	486	423	448	524	602	732	631	610	510	424	435	447	498	566	452	483	410	433	503	480	440	437	447	508	504	468	399	296	314
332	429	467	484	547	525	479	513	441	436	431	410	371	370	405	384	358	429	447	452	482	452	416	418	337	346	471	529	542	578	543	566	639	702	728	690	592	617	607	501	554	408	393	376	417	418	455	505	550	578

566	588	498	491	484	572	581	537	589	588	606	679	644	666	571	549	581	630	645	585	548	530	512	539	605	644	582	617	639	551	601	564	550	600	587	626	585	480	464	396	388	397	407	463	476	492	543	539	546	485
434	454	428	475	422	461	583	545	595	619	547	487	507	484	569	659	647	573	574	567	592	531	544	580	546	566	608	529	472	471	427	529	557	591	581	502	463	525	549	552	611	563	601	670	631	591	512	479	529	501
505	463	558	487	579	556	512	576	535	571	631	607	674	597	587	578	506	503	575	519	532	585	656	602	562	540	512	481	489	538	509	475	456	382	305	414	408	523	551	497	429	378	333	328	412	357	384	305	305	387
461	444	579	450	447	527	519	518	455	424	412	487	505	526	501	448	415	394	414	351	470	448	386	430	423	476	558	595	598	453	565	528	503	548	602	592	604	586	534	433	471	457	448	470	495	486	509	512	443	439
437	401	431	488	489	571	569	590	555	581	565	601	645	660	642	589	607	551	512	518	540	454	422	479	487	504	662	611	560	562	431	410	306	246	292	301	345	472	443	452	486	464	481	448	444	401	344	357	306	385
406	385	481	540	477	508	506	498	460	551	479	507	463	466	512	581	529	571	585	448	565	525	543	528	469	547	503	578	708	558	485	430	387	448	458	519	555	536	554	508	518	459	496	510	440	465	448	452	471	586
702	714	731	663	569	571	621	667	647	602	575	556	499	517	493	367	361	382	424	540	548	591	570	595	576	559	513	476	512	461	501	488	471	527	556	497	535	493	538	498	502	536	460	564	555	583	544	496	492	424
365	407	465	506	535	588	501	414	476	355	446	518	543	525	477	414	381	388	403	462	536	557	582	486	443	407	377	369	397	425	538	559	568	576	513	467	489	461	433	507	480	464	474	462	480	476	527	447	477	438
377	479	469	423	547	607	609	627	610	565	482	484	484	564	611	621	626	560	500	483	387	421	422	393	394	422	490	487	518	503	544	470	478	511	531	538	499	496	408	511	542	588	666	690	558	535	471	466	501	443
424	408	476	502	470	555	483	614	706	683	681	663	635	553	470	431	394	429	532	646	680	678	563	459	443	487	503	617	637	566	612	607	531	504	537	450	529	584	547	474	416	348	396	396	365	414	447	501	624	600
671	643	621	602	494	433	400	339	323	323	324	343	345	356	453	437	354	328	348	394	489	512	502	543	489	483	499	454	361	383	472	487	489	494	404	530	501	503	574	543	562	615	564	585	517	460	454	490	397	352
358	314	386	413	403	497	464	455	453	450	520	475	487	501	476	511	551	636	674	678	617	544	463	450	474	516	528	551	610	537	568	456	415	418	364	466	518	500	472	411	448	395	327	393	401	478	560	536	545	441
412	430	445	475	475	497	447	420	511	568	590	561	473	460	432	410	484	431	466	439	440	546	556	650	665	591	511	543	584	474	534	587	589	672	633	539	521	489	440	489	417	482	459	448	449	484	432	389	397	320
308	463	565	598	617	576	614	683	611	642	571	561	591	614	482	413	347	350	449	472	496	558	536	545	535	483	449	485	590	643	625	586	582	561	498	539	518	534	546	552	474	472	548	523	507	539	532	430	476	502
467	465	543	488	477	444	476	476	553	554	478	472	429	443	481	531	502	541	546	484	490	506	432	426	395	395	370	352	392	338	319	432	491	538	551	477	502	523	500	526	506	478	487	506	435	386	409	393	442	483
518	545	514	448	445	337	363	391	432	512	580	525	476	476	415	426	460	417	532	597	499	446	500	437	536	606	606	616	633	559	539	553	553	585	642	612	623	492	454	533	480	541	544	485	475	546	519	516	415	438
383	303	400	421	475	565	494	552	571	532	534	565	527	472	409	407	360	520	635	634	617	634	586	594	574	494	465	503	625	661	621	609	612	509	543	553	574	552	556	537	538	522	529	525	609	630	634	647	659	622
540	534	589	506	632	633	654	571	524	496	570	488	507	480	397	424	384	363	337	310	383	444	555	673	655	547	512	422	405	505	548	530	561	518	476	473	436	432	454	456	498	512	475	497	463	540	562	602	585	563
577	495	422	401	342	324	433	364	433	507	495	586	563	505	441	447	440	523	512	498	435	480	564	539	532	519	466	454	438	502	530	566	619	608	565	576	545	561	606	576	506	438	511	489	536	654	595	539	543	459
457	451	494	462	489	553	587	615	616	559	491	501	548	578	572	538	528	561	541	548	503	464	372	339	346	446	452	584	655	742	691	566	541	425	442	535	521	507	459	509	547	523	556	613	569	709	685	678	636	582
584	449	477	453	454	473	532	485	449	418	444	474	512	551	537	540	582	662	656	638	596	496	518	557	602	668	602	565	590	496	486	398	403	388	445	453	432	465	400	337	409	393	497	559	576	602	506	506	449	412
293	314	325	400	462	542	621	636	679	603	555	527	438	424	411	483	442	481	568	532	492	564	512	489	580	572	625	668	586	623	524	494	535	529	537	508	518	559	478	439	482	398	414	422	389	395	347	445	437	486
586	560	498	422	458	481	473	507	431	533	491	496	533	523	539	599	530	523	492	496	503	474	488	503	507	546	510	483	524	461	414	502	501	516	557	512	483	524	432	480	520	509	536	644	708	675	613	562	440	419
492	467	538	514	471	430	507	461	469	463	472	421	471	427	430	409	407	482	405	436	491	441	489	547	569	556	553	477	512	544	522	589	645	598	621	595	538	531	525	507	440	557	491	471	518	498	466	463	469	517
565	570	464	334	270	333	383	462	518	483	472	523	501	546	563	578	617	531	511	359	377	385	429	507	527	566	539	509	524	458	476	508	429	439	478	406	357	350	357	418	449	579	535	570	607	609	613	586	528	462
424	406	438	441	425	379	359	372	480	535	593	561	526	397	353	404	462	446	567	525	481	516	514	472	457	456	476	543	525	531	585	583	596	507	456	437	365	404	510	545	548	458	424	424	422	492	533	610	613	678
644	665	648	609	514	489	432	440	532	544	515	634	575	487	587	563	597	592	609	620	624	581	545	505	485	432	380	529	481	523	592	524	550	492	434	442	471	506	570	615	533	463	484	447	446	458	468	452	394	429
507	508	492	502	461	409	431	518	512	559	559	413	350	401	418	468	619	674	698	681	601	561	445	428	485	506	482	554	503	479	509	482	545	534	510	482	556	586	567	685	652	626	642	575	504	516	494	505	541	572
653	553	490	466	450	517	526	457	585	454	477	541	445	371	354	271	247	355	325	433	464	467	502	487	493	412	408	357	334	400	434	428	412	379	446	430	522	523	495	486	421	340	396	338	410	480	549	573	565	552
481	491	575	488	508	457	449	428	518	475	558	628	639	632	521	496	406	454	366	458	480	478	535	466	565	494	482	411	339	440	540	620	638	567	514	434	441	443	385	409	440	504	492	483	507	385	418	408	362	336
358	376	362	326	462	427	478	566	560	646	674	680	603	505	436	436	345	357	332	320	370	476	533	528	521	538	593	535	614	642	521	512	456	456	530	534	598	576	584	600	655	717	597	511	559	496	544	573	507	441
452	443	446	550	537	679	680	529	545	476	415	431	444	447	472	425	495	538	512	535	487	369	460	447	471	462	394	441	375	418	385	345	335	282	301	403	418	411	457	396	373	396	427	447	428	387	376	396	398	410
424	472	502	525	651	682	662	664	686	598	547	607	509	483	578	532	541	501	447	480	453	507	574	585	661	634	530	584	521	463	408	428	393	423	475	463	364	483	519	532	620	637	602	641	610	582	576	581	608	547
571	487	501	477	498	438	427	427	501	486	538	545	499	493	488	409	429	544	553	549	583	565	538	519	513	477	488	497	560	547	577	558	498	501	482	395	460	474	482	538	531	461	501	524	579	578	511	476	441	439
524	542	596	567	530	559	523	514	447	432	383	435	464	449	399	387	352	290	373	377	466	511	424	394	461	396	421	482	482	506	531	589	562	584	708	614	551	484	445	438	427	426	502	506	424	454	413	442	435	504
539	531	578	560	582	619	483	556	528	508	499	461	432	466	527	617	573	476	434	399	393	433	431	425	352	418	464	498	495	455	400	411	420	512	508	551	600	572	558	635	563	493	514	446	469	486	408	371	336	349
357	426	493	457	498	382	405	475	418	416	372	356	330	361	425	464	542	519	555	616	660	633	643	603	551	490	487	484	472	590	532	478	505	465	454	542	603	585	621	568	448	413	374	333	405	374	368	435	413	401
424	368	372	406	501	497	553	573	537	514	563	542	608	545	561	566	481	477	481	483	453	509	603	561	609	574	576	577	533	484	549	484	530	554	512	496	577	599	586	642	567	515	513	477	339	359	347	379	422	483
484	523	613	594	590	534	522	441	459	497	527	487	523	449	431	502	549	555	447	465	498	489	611	606	612	533	503	360	407	374	452	455	487	442	463	471	401	390	477	533	576	513	552	486	515	597	489	477	485	437
446	575	637	565	532	451	357	380	437	483	422	416	503	528	635	666	638	588	469	469	362	346	405	451	471	580	559	544	606	625	616	647	574	430	370	357	348	369	427	473	466	536	539	563	513	508	516	553	510	504
456	501	495	519	532	457	490	517	562	537	555	456	550	558	571	550	494	425	425	477	474	578	597	596	582	536	475	467	472	417	401	453	465	410	474	503	543	590	562	537	519	489	493	471	476	523	545	565	560	516
545	504	464	479	534	500	523	528	414	345	339	329	370	351	371	394	403	472	479	443	452	448	477	472	431	417	532	548	519	575	531	526	522	401	441	499	495	526	601	669	646	695	672	609	581	513	443	502	512	498
572	570	494	485	454	446	421	474	478	463	449	458	454	468	458	472	515	556	583	490	449	377	352	439	466	557	524	505	504	506	438	460	435	383	427	396	420	449	382	411	430	460	514	522	525	556	500	499	538	551
559	654	647	671	639	571	573	540	492	486	403	371	517	615	621	688	726	646	517	405	295	399	466	560	615	487	422	533	506	487	562	490	493	522	496	509	425	499	545	575	639	596	540	534	511	515	561	600	576	641
618	578	593	595	561	621	607	604	551	494	434	502	446	534	597	515	613	553	513	457	399	392	332	474	534	530	534	510	391	337	307	433	455	574	553	498	429	392	468	458	558	610	522	575	524	487	448	487	466	551
593	506	488	528	519	612	620	611	587	532	546	539	576	567	539	431	411	452	406	499	547	582	643	642	631	622	562	563	495	503	455	495	602	631	610	650	628	564	596	515	543	470	511	468	510	519	536	512	539	509
456	479	451	451	573	548	500	528	506	461	487	418	437	459	450	496	514	482	473	492	445	435	398	371	538	554	609	588	520	548	523	445	426	398	359	338	405	359	482	583	529	529	478	404	376	449	429	406	495	541
591	505	487	428	451	396	387	399	430	431	392	395	350	395	491	549	546	457	345	338	296	370	502	613	568	552	492	422	460	538	558	564	566	500	512	515	542	579	593	666	624	645	611	641	646	699	631	643	551	492
403	390	372	320	430	394	447	373	406	439	357	488	513	537	592	577	455	447	462	408	473	502	467	456	518	476	594	582	610	662	737	693	652	674	536	538	436	454	378	440	540	493	454	439	325	362	486	544	601	681
573	497	444	468	372	424	426	418	457	508	470	470	547	492	523	507	418	390	421	475	554	638	631	616	553	524	471	487	530	505	509	495	505	476	595	604	598	519	588	571	533	496	492	427	426	443	486	539	561	597

606	543	522	564	597	677	679	654	563	512	484	548	530	588	541	551	480	439	472	441	413	473	465	579	646	585	619	532	424	426	460	420	398	422	392	374	392	387	458	510	494	491	531	464	414	424	394	406	482	448
443	520	579	545	528	460	458	457	561	567	544	520	510	557	516	517	443	377	369	380	378	417	485	448	448	466	494	522	547	482	455	396	365	339	381	372	404	456	511	538	537	629	520	518	593	502	428	474	490	421
435	466	411	391	520	476	588	575	575	579	585	542	589	495	423	424	415	411	478	531	501	486	490	513	501	503	473	519	534	588	565	606	515	470	503	531	480	460	399	378	459	463	489	464	480	405	400	370	325	398
507	475	459	428	352	399	465	584	591	661	573	511	433	373	472	442	503	559	564	523	481	440	464	403	453	584	561	506	609	554	643	634	578	582	515	515	513	561	608	634	614	546	424	472	462	485	534	580	551	565
517	543	510	494	467	531	522	485	491	423	419	490	557	678	630	586	577	459	412	510	550	518	577	518	489	569	550	489	543	499	482	470	477	431	491	569	582	604	580	472	502	457	368	442	451	556	568	537	579	490
551	595	582	609	544	569	426	462	407	370	412	416	465	499	447	514	472	423	486	504	534	517	531	580	602	633	581	490	548	579	546	555	482	458	528	521	531	497	470	529	459	537	494	370	410	405	462	482	584	581
575	637	614	572	489	462	459	478	546	571	564	514	535	552	488	381	353	286	315	350	429	433	456	490	442	460	477	369	429	434	390	479	469	416	488	402	470	505	521	524	497	467	443	488	493	506	632	538	545	528
469	458	566	538	527	501	524	500	472	408	420	410	498	529	551	601	574	509	500	512	547	559	578	542	491	478	428	384	475	560	544	544	486	385	383	380	375	480	581	569	661	662	592	611	615	491	405	405	383	398
460	523	447	497	452	475	464	498	498	434	521	460	444	503	483	472	504	486	426	474	355	364	400	406	458	485	444	504	497	483	352	462	517	573	604	546	484	469	529	550	458	476	403	476	575	646	568	562	555	438
503	545	462	513	511	475	502	512	465	480	544	579	639	623	539	364	403	425	455	483	447	387	417	473	494	544	513	455	474	421	476	501	538	542	511	469	539	550	653	579	639	601	530	539	421	454	381	407	419	445
456	496	618	579	558	618	614	653	625	530	414	249	231	248	344	449	563	592	621	548	519	520	551	526	568	472	461	400	407	529	476	563	580	424	423	378	338	300	384	274	252	371	350	406	473	468	483	444	476	517
505	503	500	478	576	555	552	515	538	627	682	684	667	596	476	401	340	343	412	398	435	491	464	571	500	574	564	522	479	540	458	553	566	560	513	511	453	367	315	369	404	435	524	507	494	410	429	372	458	527
622	647	524	437	403	301	372	418	464	504	510	586	572	538	562	522	530	540	517	476	581	659	641	647	646	585	618	670	552	524	541	442	466	484	435	462	441	493	436	340	442	401	512	549	489	549	514	500	464	510
523	478	547	548	505	614	585	597	596	566	538	612	631	615	573	570	546	497	466	409	452	478	611	592	565	554	423	382	397	449	521	455	467	451	443	418	434	431	567	608	543	624	514	433	447	472	493	540	661	572
635	597	505	560	454	475	496	444	450	434	505	474	489	511	456	417	347	416	436	430	483	475	442	470	440	377	418	448	417	494	498	564	509	495	479	483	384	420	326	345	356	359	429	477	389	381	414	362	433	481
449	442	434	394	329	348	408	379	391	416	410	374	328	397	444	462	513	472	388	318	450	390	495	576	551	542	494	457	375	367	328	352	407	457	480	516	525	530	514	549	542	465	503	498	510	600	596	610	613	597
565	484	531	623	591	597	646	599	604	638	552	610	575	524	523	498	405	407	391	458	508	587	611	594	490	486	424	477	516	510	484	481	427	448	455	386	422	427	407	492	488	580	551	519	530	413	446	391	433	436
456	490	549	547	599	571	554	564	667	660	638	592	493	409	449	461	539	544	532	550	536	494	529	532	528	553	492	449	478	396	487	447	441	422	419	403	454	497	566	656	605	594	556	505	454	379	337	316	449	507
547	545	459	489	561	590	541	471	479	429	448	516	567	556	512	500	494	481	536	546	527	539	617	570	545	535	498	439	476	463	435	460	461	578	611	582	567	553	486	455	435	369	335	380	387	442	368	320	377	407
441	503	440	493	496	488	563	520	506	470	444	461	401	474	469	599	571	630	578	503	516	453	430	501	456	477	568	541	490	534	527	538	509	499	536	585	574	611	579	531	494	454	404	451	377	395	452	487	535	556
623	610	555	518	514	520	497	463	483	431	388	412	407	476	475	545	576	527	508	572	593	564	594	533	495	465	547	503	543	626	540	535	464	480	525	496	516	533	507	480	512	475	502	529	549	561	432	458	384	426
413	454	565	515	500	463	500	459	459	553	547	464	476	498	550	582	602	539	497	435	412	416	460	404	445	533	526	533	533	465	444	518	468	466	496	544	474	392	464	486	553	674	648	626	544	427	388	394	355	429
498	449	515	460	472	574	625	605	573	455	422	412	472	476	444	471	392	467	455	391	418	475	432	532	553	578	665	648	594	637	584	506	451	434	383	336	410	501	402	498	514	560	574	589	616	580	478	466	489	421
428	521	591	565	596	549	480	476	436	467	428	392	449	469	538	582	654	635	608	621	608	640	558	540	511	533	552	590	605	560	604	503	482	556	541	529	566	561	440	501	585	539	561	542	579	561	651	631	611	599
584	585	523	514	428	384	482	423	490	543	504	466	514	453	541	471	437	440	449	463	546	506	498	527	541	558	629	645	626	588	484	501	498	429	524	605	500	554	564	423	449	469	437	470	460	434	395	413	418	419
394	335	409	457	492	568	539	470	500	447	440	458	441	488	547	552	544	573	581	533	464	502	399	369	414	443	554	614	560	514	478	424	470	521	543	561	594	594	531	489	421	408	467	333	426	391	392	562	573	575
631	623	586	550	577	517	566	598	502	565	544	525	581	464	529	453	467	445	476	429	455	452	430	525	469	537	551	474	507	491	367	395	384	431	467	569	707	596	626	614	592	658	655	550	480	495	455	466	503	512
528	605	453	561	494	511	543	523	525	359	385	441	394	500	517	489	547	603	528	608	606	585	525	453	422	413	499	571	579	514	548	529	522	444	433	503	503	477	490	430	436	492	487	459	408	378	333	508	455	463
555	533	542	628	641	667	676	690	609	503	488	435	419	481	438	426	518	549	653	654	626	560	453	361	428	423	489	537	533	571	478	511	580	557	640	553	513	390	379	440	455	572	608	601	638	626	525	475	462	288
375	457	517	532	499	446	473	438	438	508	472	454	431	383	391	379	459	431	475	432	435	633	617	587	591	533	509	452	434	487	465	441	372	390	515	560	634	621	556	457	359	389	383	293	408	465	446	500	474	476
584	547	514	505	476	508	579	431	392	346	253	382	413	444	504	476	519	482	405	407	333	353	416	501	431	475	540	498	553	553	584	581	546	563	429	423	341	392	404	425	511	563	627	614	702	677	746	634	546	491
503	489	502	472	368	332	286	332	479	515	507	467	411	423	440	466	496	375	448	466	375	468	525	477	429	455	345	267	250	219	233	253	340	427	428	555	627	617	560	530	558	523	490	493	501	634	657	637	606	600
445	385	430	417	453	508	527	453	406	440	383	458	409	518	495	391	391	455	481	588	607	569	576	522	570	550	497	448	446	430	491	591	581	640	569	455	493	456	478	474	529	428	449	432	427	497	474	413	444	406
446	516	566	597	537	514	513	476	453	495	456	473	548	579	489	483	399	446	405	501	487	444	477	446	498	488	441	434	414	387	418	475	517	516	523	502	540	515	502	577	572	544	551	486	421	534	506	543	588	552
571	570	526	543	504	500	390	380	353	296	436	447	401	446	429	413	421	472	458	537	562	481	503	469	514	544	548	503	479	318	276	256	274	297	330	427	477	493	533	545	464	422	376	398	367	416	510	514	457	473
406	461	481	534	627	576	500	427	384	439	417	534	455	483	452	420	456	448	421	530	488	470	528	565	447	468	455	445	474	404	459	420	441	455	411	406	462	522	575	624	662	545	470	476	503	534	548	664	671	584
498	440	365	382	492	528	536	455	404	442	377	433	421	460	447	403	466	490	439	529	532	422	455	436	356	448	456	449	581	497	479	476	453	529	509	564	494	448	461	475	487	488	440	475	486	437	546	577	493	482
492	549	497	472	534	482	478	478	463	423	476	390	403	431	476	484	539	499	532	536	524	448	480	536	527	558	558	476	509	568	623	700	609	571	482	371	422	451	459	507	536	521	530	495	479	483	461	407	334	328
293	318	425	463	457	403	379	409	365	423	440	453	475	461	509	535	543	492	532	517	502	547	594	623	614	525	505	509	493	539	543	552	574	521	592	527	559	492	427	402	336	365	387	395	397	410	429	498	519	514
457	331	364	436	465	543	596	491	509	527	476	496	488	530	486	542	549	543	502	566	616	592	582	593	586	558	545	524	454	434	482	399	445	529	526	546	570	577	582	601	663	656	601	671	634	633	652	552	525	395
393	450	462	514	511	443	442	456	473	472	398	423	492	427	455	434	434	458	600	594	584	650	586	578	513	403	309	365	412	414	465	401	344	316	324	395	490	550	437	503	500	575	584	644	617	543	482	518	489	546
593	533	563	553	486	469	485	535	569	609	563	561	517	511	475	522	540	635	604	547	553	506	458	473	370	488	471	448	542	482	470	405	363	353	452	500	515	528	437	394	477	580	495	553	526	493	547	585	511	486
412	363	339	375	433	500	578	602	661	626	531	613	563	548	529	518	507	432	465	438	437	556	494	581	570	461	457	484	444	388	457	426	400	493	443	429	434	404	424	416	451	488	497	564	605	601	569	618	555	534
571	578	497	571	504	435	446	399	411	435	486	536	620	540	554	490	496	499	568	481	485	480	503	497	494	477	470	457	511	477	550	519	434	393	486	456	485	539	519	544	457	528	502	469	548	584	546	523	548	521
590	652	663	622	608	531	464	447	589	609	593	599	515	557	559	477	439	362	362	341	319	392	363	396	360	393	338	466	505	542	540	479	390	411	376	481	534	533	608	468	477	435	462	563	614	715	684	608	547	466
418	382	319	295	358	414	534	541	548	528	514	543	626	649	592	598	581	524	634	711	655	624	635	600	567	487	489	437	474	472	506	497	513	503	598	585	633	608	574	647	601	582	605	621	594	553	450	463	470	468
523	527	485	519	439	412	430	436	363	412	374	302	370	346	394	457	499	511	485	545	631	573	641	522	445	512	465	550	519	576	509	478	474	526	501	540	413	432	430	520	636	683	661	594	500	421	353	404	459	527
617	520	502	431	402	433	495	560	530	525	444	361	327	333	371	430	503	491	551	587	509	500	402	460	472	593	589	565	471	374	425	416	455	473	427	345	395	449	509	588	623	518	543	569	527	575	575	539	512	534
489	514	565	617	623	637	610	587	579	504	529	555	502	475	494	477	523	583	617	513	525	434	453	451	428	468	465	476	499	497	560	515	555	543	529	612	596	500	464	405	416	440	477	422	365	388	386	434	518	522
562	622	522	563	561	511	574	498	423	498	440	513	551	526	593	524	557	574	603	665	592	595	592	573	568	587	555	435	405	391	345	389	449	406	458	391	392	453	491	488	446	495	520	499	557	621	517	520	528	488

532	506	483	417	346	406	374	476	549	586	497	526	493	397	369	370	375	402	453	450	557	597	592	648	611	540	473	450	460	478	521	507	572	587	591	580	524	545	488	547	555	532	561	540	519	553	490	365	346	334
295	432	479	533	549	588	547	505	497	537	523	482	530	518	491	541	565	549	505	513	539	548	510	510	540	513	500	460	395	379	329	455	481	520	554	492	503	577	540	547	551	454	513	505	413	443	473	476	505	610
523	546	526	481	530	540	551	477	568	506	406	464	348	410	555	600	590	605	485	417	440	481	486	590	541	444	450	414	405	354	380	439	558	601	571	517	433	378	323	309	413	334	410	469	504	537	546	526	492	509
462	479	463	470	462	529	568	575	572	505	529	610	597	599	589	496	553	506	467	495	507	474	466	468	437	480	453	424	469	440	446	476	461	450	487	553	542	545	538	493	421	452	379	382	428	448	532	522	532	496
464	532	482	480	403	409	432	460	509	477	425	394	454	452	508	555	452	448	511	452	507	565	579	643	635	559	463	451	466	437	586	639	630	619	587	545	542	552	548	564	534	591	601	595	601	578	461	576	552	475
478	416	417	546	500	536	478	466	460	451	425	498	545	508	531	519	556	587	632	609	594	515	440	421	319	423	536	509	535	550	511	488	540	491	514	550	588	514	483	490	438	512	535	430	410	459	408	495	458	496
513	448	476	478	509	446	446	416	413	342	418	372	368	372	248	328	394	394	471	595	548	593	644	597	647	671	570	509	534	442	418	383	409	438	414	418	523	471	521	561	475	395	297	324	402	478	552	495	489	509
582	624	655	542	498	399	478	454	441	541	555	561	551	534	458	493	486	543	474	450	481	430	501	484	542	470	472	495	471	460	395	408	511	537	588	644	580	609	532	474	435	392	456	527	535	590	559	568	508	421
331	373	525	590	600	574	498	533	520	598	601	543	514	534	492	589	543	527	533	469	539	515	524	472	456	511	498	560	617	649	697	700	625	570	472	409	452	524	639	612	587	648	586	632	642	561	563	507	446	465
385	404	515	552	602	579	577	543	444	468	443	349	403	323	381	436	491	541	617	581	520	493	445	431	455	540	557	618	567	490	462	385	524	492	476	479	424	472	497	521	552	605	543	512	506	379	379	460	515	496
516	432	313	350	446	508	495	443	414	439	361	433	330	365	341	374	440	516	512	565	519	516	592	613	674	558	533	440	490	528	512	519	475	427	450	493	484	546	430	409	506	570	608	575	442	427	443	471	526	555
528	482	519	511	538	602	658	669	647	572	561	589	550	527	508	470	480	436	426	401	445	476	542	456	398	394	322	322	412	469	491	544	556	568	466	469	391	533	498	462	541	531	550	588	497	553	560	606	668	655
563	545	468	505	534	547	593	611	593	593	520	602	542	462	493	417	444	556	556	631	615	559	566	579	523	527	561	542	533	538	496	467	420	420	431	453	573	569	629	585	426	494	428	418	488	458	520	595	612	648
642	562	575	563	554	464	485	427	397	525	543	505	489	472	493	508	450	411	407	358	292	420	455	488	495	500	487	513	575	610	535	637	527	527	472	430	504	352	321	351	301	361	381	447	392	462	495	479	534	544
582	464	435	371	374	483	608	545	596	547	446	448	496	512	471	508	527	585	595	567	590	544	548	573	555	549	480	470	503	511	562	603	583	616	591	607	550	594	546	467	511	383	340	405	272	419	522	512	513	555
503	512	548	539	568	594	552	547	581	523	586	584	532	544	576	579	557	559	573	523	519	477	473	449	397	463	404	302	370	332	388	471	434	413	394	361	438	493	438	551	491	591	634	562	589	565	611	560	597	552
495	525	514	489	408	424	429	525	603	535	552	497	406	450	400	448	605	583	614	588	521	541	618	612	568	519	484	396	396	407	453	465	417	534	453	420	486	459	486	497	431	449	410	452	434	433	481	532	537	633
613	540	548	502	497	469	478	535	560	655	624	624	586	644	670	603	534	434	395	484	573	531	539	510	480	480	469	552	458	448	514	489	475	495	526	461	452	425	521	464	506	493	459	446	411	428	408	472	504	495
449	427	453	404	395	422	477	483	488	511	471	465	465	497	573	630	540	471	436	426	422	448	424	453	474	497	500	462	432	392	392	445	490	529	550	640	478	465	477	496	483	486	512	548	586	682	582	579	493	470
472	502	531	516	469	436	378	398	366	426	469	431	419	409	297	358	400	518	548	563	530	464	432	476	487	526	535	525	486	532	592	591	562	487	385	432	335	404	479	505	553	570	581	575	487	401	362	434	513	647
657	599	561	528	553	596	674	636	613	613	561	585	553	546	494	516	475	415	547	509	514	555	556	498	493	518	434	496	509	530	485	556	579	612	615	539	498	481	387	509	555	610	585	654	588	581	596	569	617	630
585	523	468	530	513	600	603	551	574	616	659	547	507	613	652	655	695	648	611	601	637	544	462	437	425	388	471	468	337	331	365	360	423	435	453	427	418	514	537	473	575	587	558	637	600	482	522	431	491	501
432	456	542	502	518	506	409	445	536	554	560	639	662	671	653	609	525	482	487	500	487	428	375	448	412	428	425	420	455	356	394	468	484	608	551	603	601	621	690	742	735	659	560	463	449	390	454	491	496	504
569	523	404	430	463	465	549	628	627	566	540	454	342	391	448	539	539	675	625	590	585	576	542	503	521	561	546	625	633	565	556	490	439	491	418	433	485	483	411	451	494	481	464	493	606	621	638	586	602	586
613	646	591	583	465	461	382	442	466	499	511	534	532	601	580	626	593	523	497	480	398	422	380	306	293	230	305	363	459	497	571	602	589	532	490	521	419	494	473	393	442	435	461	431	399	413	450	499	580	524
517	535	580	647	614	669	625	523	534	481	502	525	583	520	541	519	537	578	524	518	426	478	518	551	660	607	533	481	454	455	511	533	547	513	532	618	552	519	488	448	422	422	444	467	546	607	633	644	530	435
422	428	518	622	534	507	423	344	372	368	347	335	357	379	392	470	434	506	482	437	384	425	400	462	512	515	493	552	451	434	481	451	528	604	626	529	579	586	574	682	653	644	661	607	588	507	448	481	508	459
499	507	520	521	511	433	534	528	504	483	441	457	494	577	560	442	372	362	388	510	640	681	694	655	589	548	456	480	467	451	540	495	572	578	503	441	493	490	525	671	640	598	624	632	524	530	419	359	410	397
411	497	558	479	510	547	472	415	406	427	363	434	516	530	489	566	521	532	550	531	500	523	442	405	470	439	493	429	431	450	478	599	603	630	576	510	479	375	339	314	377	443	442	376	410	456	495	550	508	498
503	539	630	574	567	579	544	549	608	584	504	448	321	427	451	451	512	482	454	404	454	545	573	578	607	531	464	508	519	479	496	480	520	562	571	574	620	597	553	474	503	482	481	479	537	596	668	695	541	518
463	469	563	571	499	403	373	363	385	439	408	515	484	565	541	536	479	391	484	402	426	501	472	454	487	481	557	568	547	647	611	474	496	524	519	601	590	561	552	515	509	532	563	584	573	577	561	613	662	670
702	649	616	592	677	632	578	562	509	423	356	413	401	494	544	524	543	536	551	567	578	575	579	553	564	472	493	461	489	538	538	482	511	519	507	491	466	429	433	487	448	443	463	410	354	319	392	413	429	427
429	422	434	425	542	526	542	565	614	548	523	561	552	622	589	601	571	505	483	501	454	390	421	411	476	451	483	490	465	526	462	329	375	317	292	442	433	453	546	440	381	447	441	474	580	563	533	507	433	500
395	444	447	451	461	464	513	453	542	453	463	435	422	338	280	348	365	488	461	459	498	481	504	501	540	488	511	504	511	548	449	509	518	474	528	504	525	500	509	485	560	495	444	388	328	307	380	408	437	485
385	338	401	388	412	474	446	501	478	487	516	443	453	423	372	378	496	509	496	626	561	636	691	639	536	501	508	477	462	441	408	453	489	435	459	444	441	435	429	514	508	435	427	512	479	565	564	472	456	480
374	411	458	471	500	568	555	583	547	505	492	400	416	472	446	376	485	528	568	615	534	469	399	403	332	293	257	418	509	543	666	578	458	445	470	471	573	572	554	575	580	557	558	481	488	421	422	519	498	538
441	478	456	504	604	657	690	673	659	605	592	543	448	510	441	405	422	398	407	375	436	445	441	380	470	411	403	480	429	507	400	403	397	322	381	437	465	506	577	579	543	562	494	392	424	409	410	432	512	406
458	499	421	554	520	453	461	399	346	382	508	523	569	596	502	456	432	420	424	464	488	510	489	512	539	542	560	570	551	578	607	673	656	507	530	471	374	379	307	363	440	558	675	556	528	458	407	455	552	580
654	631	637	559	466	397	370	489	529	571	526	583	568	579	538	467	383	367	343	433	439	458	480	495	542	559	529	440	439	381	380	379	371	546	500	497	585	564	506	537	450	535	596	599	620	596	456	391	419	371
374	392	462	535	558	508	516	457	408	424	451	482	478	555	527	408	464	392	430	423	496	553	614	676	667	624	611	592	509	547	379	384	395	456	526	521	502	459	479	476	462	564	535	541	519	533	430	294	361	397
434	458	427	420	485	512	557	476	394	339	283	220	319	385	504	572	567	543	558	526	494	435	390	469	473	472	434	380	407	428	515	543	586	456	532	441	467	513	462	543	452	487	495	483	418	433	447	495	472	543
590	577	577	578	531	534	469	452	398	365	402	360	475	538	482	481	434	326	424	422	399	434	396	373	414	395	418	429	546	552	609	512	556	557	583	553	562	553	550	576	598	629	574	536	494	515	449	397	448	511
605	643	597	570	549	495	467	541	460	482	451	452	495	471	532	553	592	470	525	564	515	523	517	485	434	446	466	466	532	482	579	520	543	617	522	418	489	460	546	647	721	697	582	475	421	361	463	601	641	659
642	606	560	538	388	354	353	336	381	430	434	425	503	503	629	614	638	599	554	551	488	473	481	413	449	593	567	572	572	476	384	430	414	359	405	504	533	602	615	519	486	423	339	311	395	356	431	478	509	505
557	557	515	457	453	502	509	541	488	484	490	591	530	541	618	613	619	603	523	552	507	517	548	505	591	603	531	439	415	398	432	428	435	428	427	487	408	554	503	522	507	422	405	475	472	504	549	520	520	504
520	498	580	563	591	649	670	621	606	486	482	413	361	390	357	481	585	551	502	465	429	420	443	386	464	378	373	389	403	475	548	582	663	555	552	598	527	560	528	456	547	519	478	462	414	337	332	383	404	496
546	561	525	458	442	420	479	466	497	486	523	510	554	479	486	384	360	264	274	294	376	362	376	466	482	500	556	579	573	630	632	580	539	594	557	512	559	476	447	407	375	463	494	481	516	480	516	529	516	479
486	612	541	653	546	550	421	439	433	485	547	526	533	505	503	584	610	591	613	573	610	524	592	638	567	572	577	531	530	473	403	465	523	447	491	397	413	445	450	533	547	541	602	573	608	523	437	435	489	485
591	658	577	585	501	488	534	596	592	566	508	465	503	529	508	570	461	406	508	492	429	376	373	386	419	591	696	609	608	559	483	398	424	422	521	550	499	552	518	471	426	477	479	512	561	549	568	508	471	546
494	452	559	593	592	606	560	576	589	614	626	549	540	530	551	572	578	503	457	425	476	428	539	538	482	486	489	425	474	602	713	698	728	684	653	545	502	484	435	486	482	461	396	421	455	490	597	606	627	605

569	496	454	429	489	588	548	505	507	429	403	416	367	419	475	557	595	609	640	608	646	515	528	504	520	553	515	572	578	622	708	750	801	724	634	549	438	343	383	456	449	497	441	468	377	325	477	545	542	541
477	341	396	485	476	600	636	524	531	592	499	446	472	450	481	466	401	377	396	429	579	544	535	530	489	527	488	569	587	568	620	596	550	546	494	493	418	454	569	539	566	594	560	588	584	557	530	503	496	427
387	454	420	519	531	507	485	517	420	441	473	406	343	437	446	509	541	537	547	546	467	534	573	566	657	662	589	641	570	627	625	570	581	557	545	525	501	493	435	345	406	478	464	367	360	375	385	487	544	512
578	596	560	601	555	512	545	505	546	496	440	535	463	508	460	453	434	409	469	560	622	602	721	651	600	512	450	433	472	475	385	318	284	298	395	472	540	606	604	545	502	415	461	380	365	462	462	535	544	521
525	479	456	509	467	542	529	485	475	469	424	421	460	441	499	526	482	494	471	417	508	490	501	515	570	625	549	540	529	541	487	548	562	461	548	485	553	513	447	365	396	366	333	426	387	359	404	355	396	361
413	456	453	442	460	381	362	357	455	534	432	506	490	459	490	477	390	446	516	489	524	629	521	507	459	431	511	531	572	527	473	455	385	452	560	529	520	478	425	336	408	389	427	500	509	552	651	669	685	674
599	630	597	640	524	482	522	485	557	530	423	390	374	462	563	588	586	545	484	421	433	471	477	423	463	466	427	443	450	342	319	339	385	497	613	598	582	631	616	677	618	619	558	545	588	576	575	572	570	546
469	424	386	367	491	449	507	477	360	333	282	329	355	432	434	442	401	397	425	434	495	486	474	560	558	600	498	481	456	429	477	502	537	533	482	431	376	412	416	469	524	558	597	671	590	656	593	642	626	662
630	623	572	524	539	576	580	632	581	462	429	378	463	493	622	502	498	481	393	415	416	499	563	560	544	634	571	516	540	422	346	316	333	414	420	393	395	376	454	438	481	526	523	576	563	491	452	484	505	561
631	636	633	510	489	462	446	484	457	502	536	528	544	493	433	471	447	412	417	396	467	510	523	514	498	482	386	513	580	579	693	536	386	376	345	433	425	445	427	372	428	426	528	582	639	607	562	454	448	466
465	535	517	563	527	492	477	405	391	390	406	395	380	394	461	538	523	545	456	463	433	447	490	529	569	542	542	528	577	548	629	524	429	454	452	491	567	555	557	516	528	479	489	569	475	575	608	574	616	700
640	577	605	568	521	542	578	528	593	531	424	378	357	386	374	422	516	425	397	442	385	385	418	350	443	491	450	514	519	362	476	493	582	552	569	607	498	567	544	468	471	485	437	562	586	579	625	629	596	597
606	595	575	605	558	523	547	518	506	544	493	607	586	548	519	541	532	534	519	524	439	466	600	609	645	599	612	612	570	659	659	645	641	628	618	625	607	613	636	490	513	528	434	468	476	546	489	531	477	537
491	529	517	443	497	548	544	587	552	483	527	472	393	428	381	470	564	531	551	581	571	606	648	647	547	533	498	462	542	544	586	586	514	495	448	431	452	443	512	498	591	599	545	541	504	481	493	514	428	502
587	574	580	586	561	581	576	547	468	417	424	460	475	472	436	519	498	386	396	400	460	516	591	565	568	580	500	430	401	262	347	420	409	430	498	599	507	564	589	460	466	508	470	477	538	489	484	452	398	341
368	386	355	409	336	399	485	410	427	366	320	404	499	593	608	613	569	486	417	484	487	565	587	493	474	432	446	463	490	539	546	508	522	540	507	531	454	389	397	414	506	618	607	635	582	527	494	454	483	439
403	523	501	618	580	498	506	473	450	556	550	576	506	565	510	491	514	465	445	546	494	454	479	359	431	434	463	413	488	507
